gen,K1,K2,K3,K4,K5,K6,T1,T2,T3,T4,T5,T6
GEN0001,1534,1206,2545,2168,2182,3341,1861,2269,2058,2311,3040,1938
GEN0002,1,1,1,1,0,4,1,2,1,3,2,1
GEN0003,50,81,81,68,277,272,260,102,137,261,233,143
GEN0004,19,17,45,27,33,67,50,35,38,67,55,35
GEN0005,49,24,55,34,53,41,29,21,37,45,64,34
GEN0006,23,45,23,58,41,84,98,45,53,52,81,75
GEN0007,0,3,0,2,0,3,6,2,2,4,8,2
GEN0008,47,60,39,40,39,53,113,31,38,70,64,32
GEN0009,9,8,9,25,23,38,44,8,26,26,24,19
GEN0010,13999,8549,12474,14504,17537,26325,17504,14157,19794,20950,13480,13891
GEN0011,79,77,70,66,71,132,20,28,47,89,71,25
GEN0012,36,42,38,39,25,65,56,38,44,77,49,49
GEN0013,35,51,46,26,61,94,37,23,59,138,40,45
GEN0014,19,15,17,17,31,36,26,29,20,47,32,5
GEN0015,20,12,10,6,9,21,8,2,2,7,4,4
GEN0016,15,37,30,43,57,23,47,31,41,44,53,37
GEN0017,51,136,126,126,111,190,213,93,134,149,155,214
GEN0018,52,43,41,57,70,87,3,10,19,14,8,8
GEN0019,231,204,176,272,322,418,901,405,495,796,325,276
GEN0020,45,27,24,33,53,58,55,31,59,95,106,83
GEN0021,64,51,76,86,83,75,108,54,61,78,129,62
GEN0022,754,670,733,1237,1006,2266,804,838,832,1279,1800,878
GEN0023,223,138,150,204,105,146,265,150,122,490,408,118
GEN0024,28,25,27,26,10,57,36,14,26,69,64,37
GEN0025,49,51,40,24,56,88,51,21,68,76,84,51
GEN0026,96,212,138,120,199,214,376,168,97,330,274,181
GEN0027,811,1218,1394,2035,1827,1915,2774,1638,1773,1708,2333,2168
GEN0028,59,58,15,51,36,45,41,21,54,77,62,47
GEN0029,29,26,45,61,29,90,51,32,48,83,46,67
GEN0030,271,431,369,187,203,615,826,196,235,633,618,435
GEN0031,14,13,14,11,12,40,32,16,15,33,26,16
GEN0032,47,43,36,47,29,65,48,27,33,57,60,28
GEN0033,201,164,257,261,170,377,354,208,341,331,313,305
GEN0034,130,275,145,180,148,184,199,150,154,434,292,143
GEN0035,54,72,81,116,109,160,164,71,56,117,109,114
GEN0036,121,168,77,224,219,188,288,91,135,307,326,192
GEN0037,0,1,0,1,0,4,1,1,1,1,1,0
GEN0038,341,300,222,331,297,366,588,267,243,484,656,484
GEN0039,18,14,10,12,9,41,30,12,9,25,18,10
GEN0040,2,7,14,4,5,10,6,6,7,11,5,6
GEN0041,44,94,88,113,68,179,130,77,105,229,181,108
GEN0042,208,148,170,226,116,382,395,182,179,221,325,179
GEN0043,19,51,14,29,34,74,75,26,32,84,43,28
GEN0044,6,10,18,15,18,20,14,15,16,20,21,16
GEN0045,56,38,54,78,72,96,75,30,93,151,57,36
GEN0046,62,38,78,83,45,199,88,63,74,94,98,83
GEN0047,819,362,417,364,345,1463,1187,354,651,1164,1200,581
GEN0048,111,201,221,204,256,280,355,155,181,345,397,278
GEN0049,87,86,115,62,163,230,113,53,36,226,133,112
GEN0050,481,318,352,451,467,943,674,310,230,1386,531,305
GEN0051,61,27,47,34,43,120,15,4,8,13,15,11
GEN0052,12,9,8,16,9,22,21,6,14,33,14,19
GEN0053,144,142,154,149,176,344,257,208,177,148,228,63
GEN0054,83,136,156,211,261,371,281,207,144,195,258,129
GEN0055,37,36,63,30,34,60,69,55,64,73,110,35
GEN0056,14,23,17,27,24,47,37,18,22,39,20,20
GEN0057,91,60,136,94,122,219,154,90,123,125,122,109
GEN0058,0,2,2,0,3,5,2,0,3,3,2,2
GEN0059,69,219,209,209,230,616,286,169,234,440,284,225
GEN0060,141,201,146,162,124,261,139,132,197,343,292,166
GEN0061,1,3,9,8,5,14,5,2,1,11,7,2
GEN0062,55,40,62,51,45,164,94,49,77,181,131,47
GEN0063,11,14,15,14,4,43,30,6,13,36,22,12
GEN0064,199,236,331,214,233,236,257,91,332,268,290,338
GEN0065,2,2,2,2,9,3,1,4,8,3,3,1
GEN0066,9,10,12,20,8,27,29,15,11,29,24,24
GEN0067,110,236,99,201,266,406,144,207,275,487,370,202
GEN0068,228,310,321,896,403,1007,962,829,828,1431,1909,909
GEN0069,1,1,0,3,1,3,0,4,0,1,4,4
GEN0070,41,30,35,21,29,61,50,35,30,28,60,59
GEN0071,100,103,81,155,130,283,163,122,80,175,153,99
GEN0072,23,26,32,42,26,42,27,28,24,63,40,27
GEN0073,1008,1034,653,965,726,1289,1134,943,681,1593,1474,982
GEN0074,13,6,7,11,12,14,7,10,14,11,14,15
GEN0075,114,47,103,89,118,271,249,62,126,167,238,140
GEN0076,9,10,14,15,17,12,19,12,20,22,27,10
GEN0077,643,517,399,543,698,1052,1248,676,1059,1280,1001,736
GEN0078,68,63,53,80,56,120,90,53,63,130,115,85
GEN0079,28,39,32,30,38,38,63,19,40,63,46,33
GEN0080,1,1,6,7,2,7,14,18,11,12,14,23
GEN0081,1055,1030,827,1243,1644,1994,2110,794,464,2106,2925,1202
GEN0082,282,164,195,225,144,272,579,166,144,359,228,295
GEN0083,131,246,171,323,171,232,258,158,188,471,427,159
GEN0084,635,602,252,233,376,878,465,241,155,647,644,569
GEN0085,110,93,132,118,159,187,58,44,51,101,70,62
GEN0086,7,19,12,19,13,52,5,3,4,24,13,11
GEN0087,24,17,9,21,11,34,29,18,21,51,38,15
GEN0088,14,26,29,17,14,31,27,19,12,19,26,16
GEN0089,560,635,557,386,650,869,896,427,432,1850,1195,338
GEN0090,3,3,1,4,7,18,15,8,0,9,10,5
GEN0091,16,28,23,29,17,42,28,31,35,40,26,14
GEN0092,37,23,47,54,26,83,77,15,56,51,62,45
GEN0093,110,96,58,97,117,147,33,22,38,33,42,32
GEN0094,88,167,108,200,120,283,246,166,133,464,253,299
GEN0095,13,9,8,16,8,3,21,10,14,16,10,11
GEN0096,1,6,2,1,3,9,6,4,4,9,5,9
GEN0097,65,61,94,84,53,54,64,67,47,72,86,87
GEN0098,232,403,453,495,633,868,515,427,776,719,971,819
GEN0099,266,160,122,184,308,377,93,45,24,127,73,85
GEN0100,151,57,130,63,76,192,146,92,98,133,186,149
GEN0101,48,31,26,73,60,45,5,4,1,10,18,9
GEN0102,77,104,126,106,101,108,202,94,144,137,182,145
GEN0103,30,25,39,54,45,74,11,8,10,15,20,17
GEN0104,231,294,253,163,211,285,230,165,299,627,270,216
GEN0105,19,16,20,24,22,47,28,22,36,25,14,11
GEN0106,55,61,46,115,24,205,78,94,113,172,115,104
GEN0107,78,38,61,58,62,65,28,46,82,94,74,38
GEN0108,104,120,87,154,148,410,149,133,129,300,216,155
GEN0109,40,84,89,90,71,101,15,32,28,26,36,20
GEN0110,3269,3733,3798,3831,3552,7102,5691,3711,5694,8981,5980,5406
GEN0111,645,425,687,801,906,1583,869,591,739,1234,693,1295
GEN0112,368,871,594,840,606,1217,1824,562,691,1333,1582,1055
GEN0113,3,2,0,1,2,2,1,2,3,5,0,0
GEN0114,36,32,43,29,38,89,26,40,32,50,75,59
GEN0115,20,24,20,17,21,55,39,24,25,57,34,25
GEN0116,154,148,177,168,85,258,307,121,176,212,260,244
GEN0117,0,1,1,0,3,6,4,2,2,3,4,1
GEN0118,639,367,419,333,593,827,518,297,222,604,407,315
GEN0119,357,211,612,268,406,1022,637,495,329,627,677,498
GEN0120,11,9,16,12,8,12,12,7,6,12,11,8
GEN0121,13,7,10,16,16,20,23,9,6,27,16,24
GEN0122,21,16,21,20,15,36,28,21,11,39,23,25
GEN0123,64,79,61,50,74,121,90,65,99,161,142,103
GEN0124,212,210,108,165,133,296,270,145,188,319,168,252
GEN0125,1544,2131,1423,1742,1472,2685,2569,718,2164,2310,2183,2286
GEN0126,36,39,40,46,41,62,66,42,27,75,70,51
GEN0127,262,213,161,138,309,544,302,172,212,409,283,229
GEN0128,103,140,31,108,54,145,147,43,61,143,147,121
GEN0129,994,962,1081,1258,1600,1129,2438,2759,3149,4228,3809,2370
GEN0130,234,123,133,191,126,334,3015,1750,1842,3055,2906,1673
GEN0131,857,339,811,293,482,854,786,323,601,513,737,1047
GEN0132,7,13,13,9,11,30,12,5,8,12,21,27
GEN0133,18,40,42,66,50,100,49,29,28,78,77,51
GEN0134,12,15,22,8,33,51,35,7,14,24,30,25
GEN0135,351,801,794,855,710,1140,1020,878,997,1557,715,878
GEN0136,189,136,193,203,208,450,222,191,199,449,203,188
GEN0137,36,31,51,43,30,55,44,26,17,91,85,38
GEN0138,45,39,27,38,27,59,219,216,145,460,595,310
GEN0139,90,175,235,238,116,291,192,97,104,206,312,175
GEN0140,22,12,32,20,15,60,14,17,23,51,37,25
GEN0141,9,11,10,9,11,18,20,21,7,27,23,20
GEN0142,106,105,120,82,170,195,158,122,148,257,226,175
GEN0143,1783,2119,2322,2879,2608,6110,11327,6112,13886,16127,14071,9462
GEN0144,45,39,44,78,53,91,63,42,52,108,27,76
GEN0145,24,25,18,30,19,68,23,11,30,72,53,31
GEN0146,16,16,11,8,9,11,6,2,15,16,21,8
GEN0147,5,7,4,7,5,20,11,8,5,14,13,6
GEN0148,99,161,190,207,177,115,484,136,249,278,183,176
GEN0149,148,196,214,256,238,303,389,175,315,290,213,254
GEN0150,74,55,41,66,43,93,78,77,76,93,142,42
GEN0151,58,68,60,99,116,177,206,32,96,220,208,134
GEN0152,56,41,81,83,64,119,112,116,73,125,103,77
GEN0153,110,137,97,80,156,113,124,82,68,112,102,80
GEN0154,6,5,7,5,6,13,10,2,2,4,6,12
GEN0155,43,13,28,43,18,40,39,21,31,50,57,34
GEN0156,41,97,51,58,88,66,183,66,88,143,108,84
GEN0157,25,21,28,21,25,35,29,15,20,33,20,27
GEN0158,33,43,22,38,41,43,38,26,32,88,37,30
GEN0159,10,14,13,19,19,33,35,31,28,29,30,29
GEN0160,36,18,38,25,35,74,66,38,28,27,61,40
GEN0161,212,379,299,292,382,372,329,187,192,306,541,271
GEN0162,51,14,27,51,33,45,69,21,39,67,99,64
GEN0163,48,35,47,51,89,99,115,24,36,68,77,50
GEN0164,292,167,162,188,256,423,391,140,234,323,479,370
GEN0165,140,251,212,146,232,247,212,286,234,457,268,153
GEN0166,810,923,485,741,967,1715,977,484,1355,1594,2055,1352
GEN0167,3,0,5,3,4,5,7,1,8,8,4,4
GEN0168,277,259,256,253,278,576,543,197,286,547,426,235
GEN0169,37,28,33,26,31,102,35,26,30,80,43,37
GEN0170,133,94,61,94,115,101,92,68,78,110,154,110
GEN0171,280,199,171,276,292,433,381,130,169,453,306,304
GEN0172,285,520,387,376,311,509,353,336,438,556,610,650
GEN0173,430,569,289,328,162,386,579,369,477,514,434,284
GEN0174,76,102,51,49,109,161,71,73,84,95,190,90
GEN0175,845,844,535,700,879,983,1377,998,607,1978,1746,1139
GEN0176,38,75,23,50,58,68,52,40,38,83,51,45
GEN0177,48,55,47,104,60,102,117,45,45,116,59,68
GEN0178,143,237,156,169,324,384,398,128,276,432,418,313
GEN0179,29,34,17,32,17,52,23,23,22,70,57,19
GEN0180,1557,2780,2541,1924,1528,3453,4225,2391,3280,3448,2541,3648
GEN0181,503,265,246,231,427,311,430,320,416,713,827,227
GEN0182,1695,1233,2493,1952,2314,4588,22016,8673,8090,18588,21833,13599
GEN0183,44,104,48,38,120,146,106,38,45,162,117,66
GEN0184,26,27,54,57,49,108,23,13,20,17,25,11
GEN0185,98,117,59,54,86,328,99,61,70,153,138,122
GEN0186,148,265,254,255,159,460,276,220,107,269,231,258
GEN0187,14,16,16,19,42,15,37,26,19,64,45,43
GEN0188,123,112,73,102,100,234,114,69,135,158,199,130
GEN0189,73,49,69,39,87,78,85,55,44,109,117,47
GEN0190,505,945,522,1010,1346,1544,874,717,1099,2343,1105,858
GEN0191,13,18,14,21,20,55,42,10,20,34,41,32
GEN0192,361,449,297,239,387,603,303,327,303,550,639,626
GEN0193,19,21,20,6,11,46,29,37,7,40,38,31
GEN0194,15,7,12,8,18,48,10,9,8,37,27,19
GEN0195,33,17,30,14,34,51,50,16,15,32,52,7
GEN0196,9,14,9,10,4,25,23,9,17,15,20,10
GEN0197,49,103,31,62,49,148,90,89,91,168,123,98
GEN0198,359,266,245,474,386,1112,193,382,345,475,348,505
GEN0199,78,54,65,142,81,194,105,70,60,139,102,140
GEN0200,153,141,143,149,106,322,198,197,168,527,393,221
GEN0201,870,562,519,1020,1108,1634,1363,1172,1004,1977,1535,1039
GEN0202,49,102,84,104,104,184,111,74,107,244,144,162
GEN0203,61,71,39,131,107,132,37,28,25,50,36,40
GEN0204,24,42,39,35,43,109,78,45,27,123,53,39
GEN0205,8,3,3,6,2,10,9,2,3,13,11,3
GEN0206,221,337,206,248,248,433,250,130,195,367,374,354
GEN0207,3,4,0,8,2,7,7,3,1,7,6,5
GEN0208,150,203,270,309,180,538,163,122,138,231,398,271
GEN0209,72,70,62,40,76,142,154,71,62,143,90,138
GEN0210,390,268,516,303,254,741,540,226,360,848,816,313
GEN0211,53,92,73,53,58,100,131,26,76,84,75,57
GEN0212,18,19,16,12,13,29,18,11,24,19,37,35
GEN0213,96,143,88,166,77,231,113,112,114,128,193,147
GEN0214,23,43,31,38,19,38,56,21,40,45,34,50
GEN0215,57,20,69,66,34,74,87,40,47,63,81,47
GEN0216,56,44,67,61,92,86,112,44,77,139,124,170
GEN0217,46,37,53,43,77,105,66,34,34,110,108,69
GEN0218,43,51,59,43,29,57,95,31,104,166,46,53
GEN0219,16,15,12,17,16,13,35,23,11,28,21,11
GEN0220,48,56,66,80,36,67,80,33,34,69,105,88
GEN0221,0,1,2,0,4,3,7,3,3,4,4,4
GEN0222,34,31,24,46,51,88,118,36,55,150,66,34
GEN0223,14,9,12,15,5,31,22,11,12,13,16,19
GEN0224,224,269,372,415,330,966,526,362,450,961,607,423
GEN0225,627,492,283,685,752,1187,1073,554,748,623,1306,457
GEN0226,1,0,3,1,1,5,6,3,1,5,6,4
GEN0227,70,52,82,65,119,103,137,75,68,114,58,119
GEN0228,79,28,52,52,33,64,52,52,38,75,77,45
GEN0229,5,7,14,18,18,13,16,11,5,22,38,6
GEN0230,200,215,161,191,110,239,228,214,99,192,119,135
GEN0231,34,25,14,50,21,80,52,31,16,80,62,36
GEN0232,9,6,7,6,6,8,4,8,6,9,7,6
GEN0233,21,31,25,45,32,69,48,22,90,104,55,69
GEN0234,48,53,32,54,44,80,87,49,59,91,36,35
GEN0235,90,58,56,52,81,162,142,71,92,136,111,100
GEN0236,4,5,16,3,11,11,8,7,10,11,10,14
GEN0237,132,114,162,207,164,225,261,124,136,265,336,181
GEN0238,138,235,211,307,200,600,221,232,260,541,408,336
GEN0239,7,13,16,6,9,20,8,9,9,28,29,12
GEN0240,33,40,20,25,28,29,55,8,14,48,33,22
GEN0241,51,57,43,50,56,96,69,63,87,129,58,117
GEN0242,22,27,7,14,16,26,52,20,37,42,65,35
GEN0243,798,674,770,1478,1596,1637,1615,729,907,1718,1710,1029
GEN0244,80,87,135,74,132,130,228,80,96,138,106,102
GEN0245,9,7,7,10,16,25,10,10,21,42,27,19
GEN0246,18,24,12,35,14,31,21,22,17,37,14,29
GEN0247,68,74,26,113,51,96,92,38,44,125,68,130
GEN0248,1993,2554,1807,3190,1991,5918,2083,1638,3345,3640,4189,3154
GEN0249,25,49,43,49,55,70,69,31,50,80,104,50
GEN0250,38,75,61,116,89,125,160,54,66,177,110,143
GEN0251,136,143,121,141,210,478,152,105,139,346,158,376
GEN0252,24,30,61,83,69,104,73,43,46,103,63,52
GEN0253,1474,2607,2729,2483,3198,6970,1993,1995,2915,5856,3669,2749
GEN0254,33,19,19,23,26,64,48,22,31,48,29,47
GEN0255,354,155,176,316,254,278,1172,904,745,1264,1675,1931
GEN0256,30,81,105,82,103,162,1126,280,947,1118,852,865
GEN0257,111,154,139,148,188,182,194,190,239,321,405,183
GEN0258,6,7,7,8,14,24,8,20,15,18,20,17
GEN0259,878,1200,598,995,1457,2874,1722,863,1178,1506,1159,1898
GEN0260,64,60,47,62,41,86,90,32,37,96,96,73
GEN0261,43,79,56,63,91,192,95,72,105,77,114,119
GEN0262,5,11,10,13,9,19,4,3,4,8,8,6
GEN0263,13,17,15,29,33,38,34,10,25,36,31,42
GEN0264,126,86,214,263,339,224,186,181,241,225,200,171
GEN0265,277,187,166,507,250,553,297,286,223,573,401,335
GEN0266,155,195,193,215,175,401,307,159,299,367,304,357
GEN0267,568,585,495,333,459,721,399,308,657,687,582,682
GEN0268,185,146,170,252,131,387,991,634,1197,1914,2962,1944
GEN0269,62,43,101,72,55,119,81,89,68,152,99,61
GEN0270,287,270,288,385,220,456,307,229,218,499,349,320
GEN0271,145,144,200,184,111,389,244,195,217,331,185,187
GEN0272,31,65,54,34,70,109,159,57,74,127,75,41
GEN0273,158,83,224,164,311,640,353,136,216,376,347,193
GEN0274,493,531,362,714,608,686,632,193,443,921,643,710
GEN0275,120,73,107,79,100,180,736,786,662,1321,1063,1023
GEN0276,32,34,48,22,41,66,57,29,42,68,84,37
GEN0277,137,280,271,148,238,292,310,174,96,383,328,219
GEN0278,778,1096,1575,2170,1626,1866,1753,2319,2030,3408,2967,1657
GEN0279,48,45,53,29,33,93,53,69,31,104,120,43
GEN0280,51,63,58,28,72,91,47,62,35,63,181,105
GEN0281,10,32,32,52,51,74,73,40,41,55,81,61
GEN0282,557,462,403,462,416,911,656,614,400,836,639,335
GEN0283,6,6,5,2,5,9,4,5,2,3,2,3
GEN0284,214,103,129,92,113,195,135,120,140,228,210,129
GEN0285,629,446,134,291,330,1042,627,217,413,669,616,235
GEN0286,15,23,19,22,18,39,36,21,21,18,26,5
GEN0287,555,462,369,1107,857,1231,1056,847,549,1479,1343,578
GEN0288,178,94,151,140,65,192,239,137,110,379,368,144
GEN0289,16,18,28,27,21,53,57,44,28,57,20,31
GEN0290,54,43,116,105,169,149,163,46,77,112,174,129
GEN0291,5,4,6,5,9,9,10,2,7,12,9,11
GEN0292,17,17,30,7,20,37,33,18,42,82,51,38
GEN0293,1351,967,728,1484,1044,2653,1114,676,1377,2982,1861,1093
GEN0294,19,9,17,19,11,36,12,13,27,15,22,12
GEN0295,1972,1019,1034,1076,939,3009,2242,944,1088,3316,2652,815
GEN0296,56,37,28,55,55,82,78,42,50,161,99,52
GEN0297,257,184,271,337,306,391,846,171,339,396,437,411
GEN0298,44,41,56,36,35,122,77,55,95,185,103,87
GEN0299,0,2,2,1,2,1,3,2,3,1,4,2
GEN0300,26,25,37,24,33,58,40,18,28,74,29,26
GEN0301,69,94,89,127,100,91,411,169,361,591,405,296
GEN0302,12,13,3,6,9,10,15,10,12,27,18,9
GEN0303,9,9,7,8,7,15,12,15,6,5,15,17
GEN0304,166,122,82,56,130,272,28,35,38,65,90,50
GEN0305,21,31,42,35,39,50,23,23,26,60,31,23
GEN0306,6,4,3,5,3,12,11,19,23,14,37,26
GEN0307,11,24,22,26,28,48,36,24,16,45,30,20
GEN0308,251,293,323,296,272,458,525,257,363,587,470,269
GEN0309,24,15,34,24,38,59,51,21,41,58,63,48
GEN0310,329,319,380,318,227,368,320,239,200,746,318,338
GEN0311,686,521,459,830,458,1145,4506,2416,4936,6422,7015,3420
GEN0312,85,58,48,69,75,103,474,385,277,569,528,341
GEN0313,8,20,9,12,9,31,11,4,8,17,26,14
GEN0314,9,8,10,14,4,19,5,3,8,12,4,7
GEN0315,42,47,65,62,56,149,121,68,78,87,102,79
GEN0316,232,164,229,220,342,494,523,176,212,520,335,431
GEN0317,53,97,53,154,166,149,173,72,93,150,125,155
GEN0318,214,89,134,130,89,255,166,118,144,163,378,178
GEN0319,18,13,25,20,9,61,72,26,26,67,96,26
GEN0320,125,82,97,109,120,322,127,155,121,193,154,128
GEN0321,16,25,12,43,20,21,65,17,51,71,66,54
GEN0322,25,28,16,25,59,91,40,30,54,74,67,59
GEN0323,9,7,9,11,12,22,17,13,5,10,21,9
GEN0324,9,5,4,4,9,3,7,3,5,13,4,6
GEN0325,20,35,30,27,43,67,62,28,26,42,58,23
GEN0326,11,3,5,19,8,34,26,5,22,21,11,18
GEN0327,11,11,20,19,22,26,21,15,22,38,19,16
GEN0328,103,166,205,118,174,334,193,180,151,547,313,137
GEN0329,60,67,38,69,53,76,54,43,51,64,48,73
GEN0330,7893,5744,2306,6226,4601,13573,7788,8760,8727,10144,10281,8272
GEN0331,258,420,308,161,261,709,515,334,408,834,621,504
GEN0332,24,19,21,30,17,56,25,20,28,36,40,41
GEN0333,268,177,179,162,177,394,262,187,119,324,443,303
GEN0334,138,85,81,152,87,233,236,110,72,219,233,113
GEN0335,25,13,17,24,25,33,34,20,21,47,21,28
GEN0336,330,329,292,519,269,885,737,353,174,535,512,463
GEN0337,12,16,23,17,13,33,22,28,20,38,26,44
GEN0338,0,1,0,2,1,0,0,0,0,0,0,1
GEN0339,185,215,170,222,100,583,549,223,201,389,400,224
GEN0340,22,19,17,30,24,38,41,16,51,36,23,40
GEN0341,726,747,658,990,730,1450,604,337,573,1526,1807,874
GEN0342,15,11,12,21,21,37,34,25,35,43,54,18
GEN0343,6,8,7,7,13,16,15,8,11,17,12,15
GEN0344,702,583,514,941,557,826,1359,637,416,1883,984,643
GEN0345,11,12,4,20,9,25,15,14,7,24,10,16
GEN0346,108,78,80,114,84,191,116,78,90,190,182,126
GEN0347,782,490,559,812,615,1156,917,756,979,1610,1515,1168
GEN0348,76,47,84,95,77,167,310,128,201,273,427,203
GEN0349,98,58,27,77,34,171,72,56,51,128,186,47
GEN0350,72,93,50,82,73,200,126,54,69,95,104,92
GEN0351,153,164,186,460,253,581,441,132,233,376,432,243
GEN0352,21,12,13,11,19,18,24,17,25,26,38,18
GEN0353,150,162,100,257,130,329,313,178,89,533,398,132
GEN0354,152,128,200,206,241,280,253,144,256,376,276,239
GEN0355,4448,3102,1669,3688,1849,5296,6835,3617,2458,3079,6283,3749
GEN0356,18,46,23,37,35,132,53,34,38,86,38,29
GEN0357,19,18,9,23,5,16,30,10,10,20,16,16
GEN0358,182,123,250,284,286,274,347,261,326,316,280,268
GEN0359,57,42,37,19,28,45,37,24,54,37,61,28
GEN0360,70,91,110,79,54,124,170,111,119,371,166,123
GEN0361,85,111,45,49,91,160,113,115,101,141,118,54
GEN0362,319,340,412,594,528,1049,604,445,545,439,471,532
GEN0363,13,17,14,25,29,55,18,25,23,32,50,19
GEN0364,91,50,59,93,66,106,105,62,52,99,127,84
GEN0365,1,2,0,0,2,2,3,2,0,2,1,0
GEN0366,17,22,18,19,17,22,20,8,25,31,17,23
GEN0367,638,920,535,1132,830,1917,1262,671,803,1409,1019,749
GEN0368,16,21,22,21,30,42,34,16,31,26,48,13
GEN0369,13,31,22,22,12,74,41,14,35,39,52,33
GEN0370,13,12,8,22,4,20,4,5,5,28,22,3
GEN0371,76,145,92,121,128,260,81,34,25,93,43,38
GEN0372,87,103,67,70,74,185,102,79,93,135,144,87
GEN0373,8,13,3,18,18,25,32,11,4,15,15,14
GEN0374,261,161,155,147,189,530,180,152,241,355,370,325
GEN0375,99,92,61,109,72,157,128,107,82,196,134,133
GEN0376,220,173,251,318,267,333,347,145,302,461,409,268
GEN0377,14,21,21,22,34,67,35,22,14,44,34,31
GEN0378,937,914,1507,873,1250,678,1914,1336,1490,2593,2694,1502
GEN0379,86,123,110,169,145,199,208,107,99,200,254,159
GEN0380,57,36,38,60,82,85,55,80,73,105,79,26
GEN0381,29,26,16,26,16,71,43,19,43,23,56,40
GEN0382,42,41,50,62,77,54,64,32,72,46,44,35
GEN0383,212,294,108,263,241,446,382,214,207,518,528,229
GEN0384,59,41,40,66,34,69,92,45,47,75,53,52
GEN0385,232,340,305,471,306,666,782,202,298,840,557,540
GEN0386,100,167,135,123,167,554,204,103,207,344,252,154
GEN0387,541,511,417,913,869,1089,695,401,525,800,578,364
GEN0388,187,262,279,201,253,658,530,340,346,302,262,250
GEN0389,34,98,46,44,53,127,87,58,59,76,77,74
GEN0390,2,2,3,2,1,8,16,13,23,37,55,29
GEN0391,92,132,104,113,97,85,178,108,96,203,195,64
GEN0392,214,192,229,281,271,294,99,91,85,135,168,56
GEN0393,54,81,58,40,86,106,74,57,88,225,191,59
GEN0394,136,196,141,237,134,203,263,110,150,216,303,290
GEN0395,39,32,25,32,31,85,35,28,32,40,40,14
GEN0396,48,42,46,41,31,64,90,42,18,61,49,39
GEN0397,8,11,13,17,6,49,27,22,16,34,18,8
GEN0398,406,661,388,671,577,1136,882,415,614,859,615,717
GEN0399,39,93,52,81,63,106,85,73,131,174,122,132
GEN0400,27,17,27,14,27,52,19,19,35,85,57,43
GEN0401,11,11,6,10,7,12,11,5,4,8,11,9
GEN0402,58,38,46,77,47,101,66,87,80,61,66,83
GEN0403,540,391,319,780,428,1130,985,660,326,1117,1058,632
GEN0404,160,89,199,156,141,187,361,120,149,419,184,160
GEN0405,18,12,13,18,12,55,24,12,21,74,54,21
GEN0406,913,540,436,364,779,1049,811,841,490,1062,723,804
GEN0407,509,930,550,542,617,1445,1353,407,603,1244,1800,598
GEN0408,324,242,407,299,159,823,1336,909,1098,1514,1567,1578
GEN0409,203,351,140,211,266,380,252,170,191,361,450,238
GEN0410,303,323,296,438,391,665,556,300,422,640,640,457
GEN0411,171,143,132,207,195,372,242,166,123,324,241,191
GEN0412,312,154,279,382,147,372,606,158,242,489,242,238
GEN0413,21,12,9,13,32,31,49,14,9,46,20,25
GEN0414,395,953,791,1226,403,1490,934,698,559,1476,1418,983
GEN0415,169,102,92,116,82,298,182,95,127,183,98,74
GEN0416,1444,1901,1553,2384,2457,4432,1781,1526,2704,3583,2109,1642
GEN0417,1,1,3,4,1,1,5,1,4,4,7,3
GEN0418,225,163,197,89,205,208,211,165,161,394,439,296
GEN0419,331,338,198,337,283,787,592,200,431,380,383,483
GEN0420,45,42,49,60,25,61,15,59,33,68,55,34
GEN0421,93,116,204,99,137,295,650,268,435,980,291,933
GEN0422,147,236,119,215,248,358,260,93,248,402,352,216
GEN0423,108,145,210,130,166,315,235,176,265,262,197,114
GEN0424,17,35,42,34,34,55,22,13,30,31,33,35
GEN0425,33,81,38,68,34,87,52,54,74,74,94,40
GEN0426,432,172,360,382,385,777,259,303,389,624,398,541
GEN0427,601,624,322,299,630,1132,517,357,592,990,761,567
GEN0428,89,48,104,78,99,199,141,64,94,176,157,49
GEN0429,49,52,34,180,88,159,91,52,87,108,119,84
GEN0430,86,64,56,95,65,264,156,103,67,135,132,111
GEN0431,402,273,335,400,323,542,464,401,240,526,436,395
GEN0432,14,6,3,17,9,18,35,24,6,17,27,18
GEN0433,4,5,10,4,4,17,12,7,7,10,11,6
GEN0434,65,101,108,52,112,146,112,104,67,267,74,115
GEN0435,13,14,20,7,16,14,25,13,8,18,12,14
GEN0436,35,22,9,16,43,56,35,33,51,36,72,28
GEN0437,63,27,60,69,57,164,76,84,60,98,98,89
GEN0438,125,114,95,140,281,209,279,74,168,296,182,120
GEN0439,12,16,10,21,13,17,14,8,13,21,14,16
GEN0440,126,173,85,126,151,220,392,171,204,311,381,307
GEN0441,4,3,3,3,1,5,4,3,2,3,9,6
GEN0442,152,120,150,164,163,324,272,190,214,243,171,195
GEN0443,2,5,10,7,4,7,19,3,3,9,6,1
GEN0444,10,7,3,7,7,22,147,48,107,106,85,138
GEN0445,147,181,151,119,241,469,384,196,184,197,240,144
GEN0446,38,32,38,34,26,72,20,33,32,58,59,59
GEN0447,23,20,9,14,17,41,39,8,17,18,34,32
GEN0448,33,45,27,18,28,85,35,17,18,80,65,41
GEN0449,149,162,130,190,55,182,225,102,166,228,161,177
GEN0450,49,60,34,55,80,106,97,52,136,82,58,75
GEN0451,49,48,57,37,42,172,67,55,53,90,84,81
GEN0452,373,376,224,325,256,709,504,271,302,709,882,255
GEN0453,12,14,11,23,17,44,39,14,26,51,18,35
GEN0454,47,21,23,28,41,95,40,36,37,45,41,27
GEN0455,29,26,27,40,23,65,66,21,30,65,61,25
GEN0456,419,322,332,288,474,863,367,348,481,877,721,383
GEN0457,280,297,321,329,380,570,471,229,365,924,507,398
GEN0458,375,523,535,630,527,689,561,574,608,963,840,488
GEN0459,76,84,56,32,25,160,85,43,82,101,85,99
GEN0460,41,60,48,41,30,69,125,32,61,93,99,84
GEN0461,119,191,309,320,266,655,340,244,186,341,398,362
GEN0462,13,42,35,53,35,43,32,15,43,68,41,32
GEN0463,184,182,257,279,313,416,624,439,408,979,1064,370
GEN0464,167,191,212,320,287,315,353,153,153,285,519,166
GEN0465,14,30,11,26,22,44,34,23,37,33,20,13
GEN0466,37,104,43,47,69,139,77,57,44,162,72,53
GEN0467,40,60,61,86,48,77,71,70,30,134,132,40
GEN0468,1044,1139,1002,987,1111,1687,1985,842,989,1424,1512,1248
GEN0469,3492,4760,3144,3596,3321,7408,8335,3223,4598,10676,6630,5917
GEN0470,33,50,51,54,27,87,92,70,41,142,115,74
GEN0471,76,26,49,68,48,113,95,62,78,75,185,61
GEN0472,1,1,0,1,2,2,4,1,2,0,3,1
GEN0473,84,95,52,125,111,120,117,70,70,114,103,108
GEN0474,42,70,48,44,48,121,119,79,60,81,103,95
GEN0475,4,14,15,7,14,17,7,14,14,15,8,12
GEN0476,198,216,169,200,264,460,238,208,331,429,322,301
GEN0477,3,1,1,5,10,12,5,2,0,7,6,6
GEN0478,60,47,32,58,59,94,82,31,38,69,63,24
GEN0479,47,102,87,106,116,180,80,70,110,119,178,128
GEN0480,12,6,4,6,11,20,12,10,3,28,22,3
GEN0481,303,218,213,363,304,770,2648,995,1261,1910,2109,1425
GEN0482,308,326,491,391,233,988,4555,3683,3564,2653,3177,1825
GEN0483,5,5,5,1,6,15,9,2,13,11,12,8
GEN0484,6,5,7,8,3,9,19,4,9,31,11,6
GEN0485,232,212,117,242,176,192,268,137,178,327,218,253
GEN0486,34,94,38,61,79,102,104,37,75,52,107,109
GEN0487,13,4,9,11,8,22,24,12,37,36,34,33
GEN0488,20,46,24,27,39,31,37,36,37,65,44,45
GEN0489,45,38,52,71,49,124,98,55,62,108,63,50
GEN0490,55,70,41,57,69,62,72,43,61,75,116,73
GEN0491,242,124,172,233,202,593,608,138,222,441,335,311
GEN0492,62,74,104,160,128,324,103,95,154,244,173,180
GEN0493,1250,771,1261,1535,1272,1899,1807,837,1133,2620,1987,1265
GEN0494,553,429,412,538,768,980,849,590,494,673,945,589
GEN0495,278,283,95,162,290,344,203,228,185,357,304,298
GEN0496,254,376,406,356,313,747,718,356,288,408,841,506
GEN0497,415,370,488,657,681,626,798,660,566,1114,749,489
GEN0498,140,189,180,172,220,276,293,158,345,324,356,128
GEN0499,6,6,9,8,9,9,5,4,4,4,3,4
GEN0500,272,132,267,325,121,398,342,290,408,407,354,334
GEN0501,58,68,93,114,133,122,102,58,38,186,91,117
GEN0502,1067,1258,804,700,684,1396,1694,855,489,2152,1006,1217
GEN0503,67,67,114,83,86,210,84,56,101,99,115,101
GEN0504,138,193,166,133,203,153,49,35,13,31,56,30
GEN0505,142,117,95,161,112,166,39,32,32,27,41,36
GEN0506,1280,1152,768,1195,878,1777,1666,1204,1064,1903,1507,1036
GEN0507,83,69,71,79,117,249,133,66,92,217,123,104
GEN0508,25,30,29,50,55,40,93,24,46,100,85,54
GEN0509,137,124,129,86,111,282,114,110,101,233,155,134
GEN0510,15,25,26,34,50,52,35,25,25,45,55,28
GEN0511,35,104,96,89,113,174,105,102,54,206,133,96
GEN0512,44,71,109,80,84,147,56,60,67,132,80,82
GEN0513,87,83,60,78,121,337,133,134,83,178,191,52
GEN0514,2019,1353,1633,1800,2208,1728,2386,871,1214,2463,2810,2223
GEN0515,31,37,40,40,50,62,16,31,30,53,63,40
GEN0516,47,68,56,66,86,90,96,84,47,145,142,69
GEN0517,22,63,44,71,54,80,44,24,34,100,62,27
GEN0518,90,268,156,277,209,325,353,193,244,325,321,294
GEN0519,8,14,7,6,15,12,25,6,7,26,17,11
GEN0520,19,26,21,26,19,47,29,15,27,53,48,33
GEN0521,46,32,50,55,83,81,93,33,49,59,119,53
GEN0522,136,223,144,175,124,218,252,104,177,194,277,104
GEN0523,45,41,54,116,101,139,154,48,111,69,83,80
GEN0524,16,30,33,34,31,36,63,31,35,47,47,30
GEN0525,10,16,6,26,29,39,20,5,16,37,25,23
GEN0526,122,150,137,88,171,382,265,150,122,283,188,189
GEN0527,700,538,528,637,281,1654,1023,534,802,1002,643,648
GEN0528,67,88,56,114,98,277,445,388,308,783,874,781
GEN0529,67,100,131,81,115,121,67,81,88,133,128,75
GEN0530,96,134,91,105,84,152,151,98,138,165,198,148
GEN0531,10,9,14,16,10,28,8,7,18,20,16,12
GEN0532,18,33,37,32,29,71,55,39,35,85,33,45
GEN0533,53,25,32,63,36,122,65,34,59,67,61,82
GEN0534,109,135,50,110,130,181,28,26,18,88,26,62
GEN0535,105,57,89,59,60,80,90,48,50,70,79,27
GEN0536,9,5,4,8,11,27,11,6,14,10,14,17
GEN0537,379,331,212,368,424,464,740,347,577,521,360,316
GEN0538,697,628,688,1223,910,2125,1146,959,785,1573,1240,1814
GEN0539,36,30,31,43,62,73,37,59,49,115,106,36
GEN0540,90,64,89,164,94,325,145,103,94,353,171,61
GEN0541,89,74,103,98,55,287,274,75,80,292,157,143
GEN0542,198,72,183,158,246,571,280,244,310,419,415,196
GEN0543,1,3,3,8,7,14,4,4,6,21,12,10
GEN0544,859,518,688,739,936,1817,640,649,916,1552,939,1172
GEN0545,45,20,28,23,21,48,52,30,31,41,38,35
GEN0546,380,293,343,242,501,1067,815,406,621,1290,1179,505
GEN0547,63,113,44,78,104,134,106,41,76,107,127,80
GEN0548,16,39,15,27,31,36,48,35,25,61,95,46
GEN0549,32,50,56,110,48,137,144,36,86,84,65,92
GEN0550,191,160,383,293,307,811,630,424,574,756,709,308
GEN0551,24,8,11,24,6,27,22,9,15,26,44,37
GEN0552,31,25,18,29,35,106,50,22,66,39,72,65
GEN0553,42,34,22,15,27,51,27,29,25,75,56,22
GEN0554,7,3,6,2,3,8,6,2,2,19,3,6
GEN0555,494,461,393,663,716,1642,638,309,1067,824,1226,793
GEN0556,104,125,127,206,216,301,209,238,177,210,245,194
GEN0557,64,56,60,42,50,134,137,42,45,96,74,50
GEN0558,494,325,554,290,385,1173,492,309,419,1066,629,511
GEN0559,9,8,8,7,21,23,161,94,116,183,148,168
GEN0560,81,17,73,34,73,89,293,188,160,367,571,182
GEN0561,542,915,957,1117,562,1801,990,957,882,2466,1371,1291
GEN0562,279,259,162,321,295,653,245,242,658,625,512,214
GEN0563,5,1,1,0,2,4,4,1,2,5,5,2
GEN0564,0,0,1,1,0,3,2,0,0,0,0,0
GEN0565,3,14,12,13,7,32,4,2,0,3,6,0
GEN0566,363,359,217,255,386,952,611,408,451,976,789,244
GEN0567,16,21,19,54,28,31,62,40,42,113,126,90
GEN0568,33,46,28,81,28,107,86,37,42,55,104,44
GEN0569,224,103,228,312,120,299,331,239,203,162,409,369
GEN0570,8,25,19,22,15,37,32,28,8,41,12,12
GEN0571,104,89,114,65,93,267,136,72,142,72,99,126
GEN0572,128,197,175,177,203,645,242,245,286,474,340,102
GEN0573,222,89,106,129,106,167,219,93,152,312,328,113
GEN0574,102,148,151,98,138,117,296,142,211,299,123,109
GEN0575,14,24,16,20,40,47,41,22,30,43,54,32
GEN0576,113,150,161,77,164,285,290,132,98,398,171,176
GEN0577,36,26,28,24,23,46,48,35,53,42,66,26
GEN0578,539,687,571,611,367,814,1011,459,273,889,523,330
GEN0579,2468,2953,4615,5653,3770,5916,8785,2191,4723,4795,9965,5226
GEN0580,26,17,14,28,13,16,35,16,14,37,42,28
GEN0581,4,1,2,1,3,0,4,2,1,3,6,2
GEN0582,34,32,16,31,31,57,81,24,21,73,64,51
GEN0583,100,173,172,85,128,123,106,86,195,188,130,164
GEN0584,416,525,408,507,318,1004,305,294,459,589,510,515
GEN0585,295,180,353,322,433,926,503,201,241,866,440,634
GEN0586,16,14,20,33,18,34,8,6,13,14,11,20
GEN0587,20,29,22,9,11,25,20,12,29,23,18,23
GEN0588,444,806,581,552,551,1126,746,683,712,807,812,397
GEN0589,12,11,21,11,18,19,14,14,12,31,10,9
GEN0590,270,381,329,274,379,911,539,274,302,605,305,531
GEN0591,34,43,78,58,31,122,25,43,79,186,71,44
GEN0592,294,208,260,418,238,573,378,180,326,256,330,228
GEN0593,190,130,200,201,252,495,380,151,181,272,343,237
GEN0594,212,127,226,212,224,327,506,248,150,520,423,143
GEN0595,289,422,155,214,210,619,491,224,252,486,352,229
GEN0596,13,11,10,11,1,40,41,13,14,23,14,14
GEN0597,146,83,107,128,106,203,246,56,109,180,161,129
GEN0598,30,90,53,63,79,124,112,51,64,103,109,103
GEN0599,52,61,71,155,123,218,228,90,74,122,224,89
GEN0600,760,396,462,512,468,1183,1298,478,364,728,1294,517
GEN0601,26,45,56,33,40,58,92,28,33,121,118,97
GEN0602,14,29,16,20,19,25,23,19,22,37,26,24
GEN0603,8,11,20,24,18,30,47,20,12,35,22,29
GEN0604,54,51,45,30,47,67,37,33,30,89,49,63
GEN0605,205,140,171,206,218,597,315,171,226,227,289,452
GEN0606,9,15,10,20,14,56,18,26,21,24,37,26
GEN0607,487,261,433,360,581,781,520,309,437,713,671,694
GEN0608,59,121,72,111,97,140,77,115,101,226,137,104
GEN0609,31,73,71,40,38,125,76,31,34,101,88,64
GEN0610,7,8,10,13,6,23,11,7,4,8,30,17
GEN0611,114,78,103,149,86,103,202,77,126,178,59,117
GEN0612,183,148,204,270,137,531,38,34,69,87,81,70
GEN0613,5,5,3,2,3,6,15,7,1,11,7,6
GEN0614,423,358,415,328,307,806,319,650,684,838,538,424
GEN0615,793,944,984,852,1295,1752,1253,698,883,1596,1492,726
GEN0616,96,99,86,96,90,209,205,122,89,338,109,84
GEN0617,145,101,57,171,146,346,307,136,98,341,197,145
GEN0618,4065,2566,4296,2205,1659,10240,3598,2925,3636,5273,4819,4132
GEN0619,431,395,390,340,399,1201,280,123,163,141,287,180
GEN0620,14,12,11,18,13,28,22,8,10,21,12,20
GEN0621,52,57,52,67,28,107,100,49,58,89,151,147
GEN0622,48,28,51,57,46,108,211,280,206,406,471,253
GEN0623,26,48,43,39,105,80,13,13,5,23,16,9
GEN0624,2,1,1,2,1,4,2,1,0,0,5,1
GEN0625,227,321,163,191,122,668,317,142,263,524,561,272
GEN0626,28,14,7,22,21,23,22,21,24,53,39,31
GEN0627,93,84,39,108,68,126,119,111,94,135,115,85
GEN0628,79,82,50,86,62,106,62,31,49,67,51,70
GEN0629,231,227,138,181,340,563,202,293,377,494,532,356
GEN0630,22,42,78,43,52,78,58,25,59,54,95,104
GEN0631,28,31,12,22,17,27,35,25,5,61,34,32
GEN0632,114,65,231,172,226,277,181,81,153,270,308,249
GEN0633,577,689,648,577,806,627,787,285,372,1206,1316,500
GEN0634,18,45,47,46,36,34,137,94,130,266,188,134
GEN0635,430,355,462,801,513,1202,919,502,785,646,819,501
GEN0636,131,84,68,150,105,149,183,99,85,116,132,117
GEN0637,20,12,27,26,39,41,39,10,27,47,63,38
GEN0638,836,1118,602,901,508,573,1518,694,566,1666,822,971
GEN0639,13,22,19,20,15,37,21,3,24,24,36,29
GEN0640,305,475,275,334,341,780,519,221,230,870,637,420
GEN0641,34,20,23,32,43,47,53,29,21,63,37,20
GEN0642,107,78,202,131,161,263,202,119,155,271,152,170
GEN0643,6,5,14,5,17,23,10,3,8,18,8,5
GEN0644,15,22,15,16,20,21,17,25,22,33,38,19
GEN0645,324,246,466,339,353,604,652,343,218,559,424,495
GEN0646,61,37,84,85,87,279,98,68,102,219,148,140
GEN0647,50,91,61,74,85,48,122,55,40,85,144,45
GEN0648,26,28,35,36,28,51,42,22,33,51,69,22
GEN0649,142,93,126,177,201,244,176,174,118,358,172,131
GEN0650,1,11,6,5,12,5,8,0,7,11,5,7
GEN0651,4,8,15,11,18,12,17,11,11,16,15,8
GEN0652,90,53,44,55,34,90,15,10,18,23,14,13
GEN0653,19,17,16,15,26,40,25,15,12,19,37,38
GEN0654,14,15,19,21,19,46,20,35,26,39,45,28
GEN0655,48,49,43,92,52,90,118,41,73,148,94,88
GEN0656,59,56,31,32,42,85,90,60,24,126,82,49
GEN0657,27,30,44,39,44,58,80,38,51,92,105,60
GEN0658,790,1010,968,1247,470,1893,1373,675,985,1301,890,1176
GEN0659,218,300,268,224,310,446,428,423,300,530,692,504
GEN0660,373,807,361,383,598,726,477,461,597,498,971,516
GEN0661,61,64,53,82,79,119,50,49,99,139,48,56
GEN0662,38,20,26,27,31,55,59,27,32,58,52,22
GEN0663,13,2,9,6,4,10,15,6,8,7,9,9
GEN0664,44,39,54,41,33,51,13,8,10,10,9,8
GEN0665,3,3,4,3,2,4,3,4,1,1,6,2
GEN0666,14,43,25,43,17,44,46,26,42,25,32,16
GEN0667,146,283,202,319,186,613,487,226,183,466,546,268
GEN0668,603,1325,759,1087,835,2288,1084,802,1587,1826,1294,720
GEN0669,312,308,202,171,333,408,703,333,313,558,272,270
GEN0670,17,11,22,28,16,33,25,14,15,14,27,24
GEN0671,92,162,126,223,91,400,178,114,94,318,264,193
GEN0672,14,24,23,19,15,46,72,95,75,143,108,77
GEN0673,253,211,219,357,239,724,241,285,195,197,331,268
GEN0674,50,45,60,56,73,98,71,24,78,131,88,97
GEN0675,267,403,217,191,169,673,493,340,272,431,710,224
GEN0676,3828,3396,5253,3888,3770,7206,5368,3656,5239,4794,6595,4122
GEN0677,318,186,181,284,313,630,589,204,287,1013,228,415
GEN0678,2567,1918,2551,2641,3009,6760,4204,2336,4240,5881,3813,4789
GEN0679,71,142,68,157,81,267,138,77,120,213,119,180
GEN0680,41,48,40,51,23,60,90,35,44,100,65,46
GEN0681,339,521,905,602,782,937,751,546,329,819,552,808
GEN0682,983,1101,1007,1380,978,2585,1376,961,760,1721,1601,2079
GEN0683,13,23,30,15,48,36,28,24,35,53,18,37
GEN0684,43,65,64,70,38,176,76,64,45,147,115,112
GEN0685,3,5,9,5,2,11,6,4,4,14,21,11
GEN0686,78,54,76,41,49,77,53,23,52,79,79,29
GEN0687,197,285,275,242,311,380,372,449,286,449,394,414
GEN0688,41,87,48,66,48,140,67,50,72,98,161,71
GEN0689,25,12,19,34,25,63,45,36,20,55,79,27
GEN0690,6,2,7,8,9,14,9,7,6,20,17,6
GEN0691,127,85,138,136,133,206,226,128,73,206,288,88
GEN0692,154,242,188,255,271,414,317,157,303,423,387,293
GEN0693,175,108,169,197,200,332,261,114,147,259,374,165
GEN0694,76,95,140,97,120,136,44,57,47,53,72,55
GEN0695,3,6,6,7,7,13,1,2,3,10,5,3
GEN0696,575,1158,1589,742,1135,1513,2177,545,942,2769,1958,1778
GEN0697,26,62,35,85,61,99,85,32,54,98,97,100
GEN0698,29,26,42,36,33,80,48,31,58,122,33,56
GEN0699,229,230,150,243,197,479,1455,844,1945,2019,2009,1815
GEN0700,0,0,1,3,1,3,1,0,1,0,0,1
GEN0701,40,32,57,71,62,75,94,60,55,114,126,45
GEN0702,71,76,44,53,77,59,75,51,71,104,50,63
GEN0703,89,154,155,72,176,117,145,145,144,325,217,190
GEN0704,542,521,299,543,370,661,884,393,881,390,695,696
GEN0705,143,127,142,192,194,183,162,110,117,252,112,160
GEN0706,5,5,7,3,3,8,5,5,2,7,7,2
GEN0707,45,38,31,32,47,91,37,19,36,77,44,33
GEN0708,106,74,55,67,102,152,34,21,9,33,12,13
GEN0709,108,78,59,86,78,142,75,77,104,246,104,116
GEN0710,12,7,4,10,4,10,10,5,13,21,12,9
GEN0711,4,5,6,7,3,14,13,3,6,8,8,5
GEN0712,136,93,92,188,210,426,387,183,187,319,156,136
GEN0713,74,148,60,108,121,160,179,80,145,200,158,132
GEN0714,46,25,86,47,63,125,80,48,52,66,102,116
GEN0715,0,4,3,10,3,4,12,2,7,7,7,6
GEN0716,1195,984,758,1080,743,1945,203,105,189,243,334,162
GEN0717,2,1,2,0,1,0,0,1,1,2,0,0
GEN0718,33,34,51,31,34,121,38,30,44,30,68,56
GEN0719,1799,2391,1763,1240,1885,2763,1982,1271,1309,2688,3386,2457
GEN0720,41,36,52,56,55,72,74,41,43,101,82,76
GEN0721,113,49,142,92,145,113,118,58,77,186,142,119
GEN0722,8,9,6,7,4,19,12,9,11,22,12,14
GEN0723,284,716,612,632,687,656,884,525,682,961,745,789
GEN0724,7,10,11,7,7,19,16,1,9,6,19,11
GEN0725,66,58,51,98,117,231,99,36,134,219,154,150
GEN0726,82,85,72,38,68,138,81,99,69,141,171,109
GEN0727,15,19,11,8,12,11,21,20,11,22,20,11
GEN0728,291,279,209,320,302,574,405,295,192,824,630,161
GEN0729,7,10,10,3,9,17,6,2,9,6,13,17
GEN0730,13,23,21,34,16,74,25,24,15,61,21,25
GEN0731,64,48,88,51,81,128,112,31,70,81,84,54
GEN0732,22,23,14,41,47,62,5,3,13,9,9,7
GEN0733,137,165,127,130,107,281,305,140,103,260,318,154
GEN0734,284,339,167,643,422,623,502,132,250,319,538,267
GEN0735,25,31,58,48,54,74,77,28,45,67,60,54
GEN0736,18,20,16,33,31,24,51,14,34,74,84,36
GEN0737,21,32,21,34,22,27,54,14,37,31,26,21
GEN0738,24,23,33,43,33,102,61,29,36,52,46,58
GEN0739,106,238,234,345,205,535,330,144,232,422,306,232
GEN0740,22,52,35,67,45,66,51,28,41,61,59,43
GEN0741,130,122,119,61,187,317,235,111,127,385,198,184
GEN0742,59,43,50,66,34,100,69,56,96,75,107,55
GEN0743,21,9,25,13,7,33,21,24,12,17,31,16
GEN0744,220,314,205,304,252,286,549,186,213,493,505,294
GEN0745,8,9,8,14,12,20,19,2,6,30,16,14
GEN0746,55,79,66,64,51,174,322,200,181,409,288,117
GEN0747,712,784,990,795,888,1194,591,328,525,1652,902,429
GEN0748,7,14,6,18,3,23,23,9,7,26,16,17
GEN0749,70,52,37,58,37,114,101,66,75,212,94,77
GEN0750,6,7,5,2,2,12,5,3,4,10,5,1
GEN0751,28,33,35,29,23,37,39,18,33,65,51,21
GEN0752,5,5,9,9,4,12,9,5,7,5,15,6
GEN0753,32,52,28,24,16,85,62,48,49,69,45,51
GEN0754,24,33,24,30,37,45,54,26,28,54,42,38
GEN0755,81,82,87,68,134,178,115,63,115,205,92,109
GEN0756,858,665,612,990,1118,1210,2341,693,1107,853,1061,978
GEN0757,95,70,115,128,53,196,165,137,99,147,198,169
GEN0758,134,149,105,165,265,414,338,216,242,226,390,237
GEN0759,60,60,69,50,60,93,108,67,69,87,113,65
GEN0760,33,31,36,77,24,68,87,30,77,130,83,58
GEN0761,11,17,21,8,15,29,24,7,19,19,28,19
GEN0762,3,5,3,9,3,8,6,3,4,5,9,2
GEN0763,69,94,124,81,56,200,70,73,138,247,160,72
GEN0764,1225,883,592,872,798,2614,989,591,889,1268,1590,1021
GEN0765,128,155,88,153,166,258,162,97,131,122,116,137
GEN0766,31,40,17,44,21,42,55,28,30,50,33,56
GEN0767,813,663,634,1076,892,1166,1602,958,459,1076,1509,772
GEN0768,35,30,32,33,28,67,26,18,66,44,48,27
GEN0769,23,28,19,28,13,33,18,13,23,44,28,36
GEN0770,3,10,6,11,11,23,16,9,7,35,10,5
GEN0771,2,14,10,17,31,32,25,10,9,23,27,21
GEN0772,43,18,38,59,37,86,61,45,29,86,90,50
GEN0773,1037,1540,1380,2127,2028,4277,2218,629,2563,2607,2698,1126
GEN0774,40,52,32,56,37,89,80,32,37,88,65,49
GEN0775,17,13,5,15,8,37,19,13,17,22,17,11
GEN0776,18,11,20,27,20,28,43,39,23,49,57,62
GEN0777,33,29,45,74,42,108,84,33,48,89,67,26
GEN0778,9,7,2,3,4,1,0,1,2,1,1,0
GEN0779,51,40,65,60,85,136,182,143,70,56,101,70
GEN0780,133,221,176,175,176,368,321,182,186,332,209,222
GEN0781,98,134,129,132,66,292,137,123,158,188,167,137
GEN0782,176,144,115,122,183,281,365,134,171,325,223,258
GEN0783,3,10,2,6,5,4,7,3,5,4,3,4
GEN0784,2,4,5,3,2,7,4,3,3,8,11,4
GEN0785,418,336,382,544,425,774,680,310,344,1108,911,442
GEN0786,310,298,305,316,606,469,596,413,480,1051,335,350
GEN0787,5,5,10,11,4,18,22,12,25,23,22,13
GEN0788,100,134,93,85,63,147,160,71,107,205,178,154
GEN0789,19,49,42,129,47,123,108,76,63,78,107,70
GEN0790,147,101,101,210,169,233,247,210,134,303,230,204
GEN0791,82,38,87,74,69,182,112,59,74,176,73,128
GEN0792,20,21,19,33,21,38,17,17,14,41,79,40
GEN0793,86,93,89,90,136,236,84,103,110,361,182,77
GEN0794,91,86,40,39,96,150,170,143,134,220,88,116
GEN0795,63,64,85,61,41,121,73,30,39,126,82,79
GEN0796,1,1,0,1,1,4,5,2,3,5,6,5
GEN0797,0,0,0,0,1,0,0,0,0,1,2,0
GEN0798,13,21,14,24,26,34,37,11,21,44,41,9
GEN0799,9,9,3,4,4,5,0,5,3,4,2,4
GEN0800,86,59,69,90,88,154,93,50,116,203,163,134
GEN0801,235,131,166,127,177,516,360,130,176,427,331,358
GEN0802,78,97,73,147,131,240,116,54,43,197,92,113
GEN0803,67,27,27,42,30,65,60,39,31,80,37,41
GEN0804,110,43,72,56,93,157,93,69,66,146,73,61
GEN0805,392,475,387,510,337,872,792,305,409,693,566,680
GEN0806,13,21,17,28,28,43,26,14,24,34,30,32
GEN0807,175,130,309,614,348,750,769,212,250,575,397,403
GEN0808,146,197,198,132,176,491,197,181,184,229,459,220
GEN0809,181,111,63,104,128,145,144,90,65,254,222,199
GEN0810,299,658,630,636,821,1486,157,78,117,123,171,70
GEN0811,13,26,19,22,35,52,28,15,22,38,43,22
GEN0812,254,435,505,374,186,574,309,275,298,469,260,560
GEN0813,20,12,14,10,9,13,16,12,25,36,17,26
GEN0814,10,16,10,24,22,40,24,8,14,37,40,21
GEN0815,12,17,6,19,14,17,15,15,13,9,19,9
GEN0816,126,92,126,135,138,263,201,153,156,359,246,192
GEN0817,24,11,12,19,10,24,26,12,25,17,13,25
GEN0818,40,39,65,33,108,115,73,89,97,172,66,56
GEN0819,7,7,12,10,5,26,31,7,14,27,40,17
GEN0820,358,335,226,407,232,492,392,221,171,604,742,592
GEN0821,1045,1466,734,1052,1463,3126,3573,1523,1809,2152,2272,664
GEN0822,62,60,75,90,64,269,122,88,139,220,171,82
GEN0823,763,883,898,643,1226,1838,1789,982,950,1773,1135,748
GEN0824,162,160,169,173,75,381,204,93,126,361,335,171
GEN0825,1542,1856,1974,2474,2181,3321,14833,7297,11829,26551,16641,14576
GEN0826,80,79,90,97,44,128,120,55,78,91,107,97
GEN0827,5,2,3,5,5,17,6,5,4,6,9,8
GEN0828,640,454,757,671,898,1039,911,631,526,1175,1410,1408
GEN0829,47,33,55,63,66,64,36,57,80,101,105,60
GEN0830,18,21,12,21,8,27,24,8,13,20,11,12
GEN0831,18,28,12,24,20,35,49,36,32,55,45,24
GEN0832,5,1,5,12,3,13,7,1,4,13,9,2
GEN0833,26,56,57,61,16,78,87,63,98,139,73,47
GEN0834,12,9,5,14,23,22,16,8,17,38,18,15
GEN0835,865,268,464,784,880,1357,658,970,835,1572,1076,995
GEN0836,160,120,89,277,143,426,401,140,181,303,308,252
GEN0837,6,7,5,2,5,5,23,27,16,46,55,27
GEN0838,4,3,9,8,10,10,7,5,2,9,9,6
GEN0839,31,17,15,41,36,30,38,23,24,78,47,42
GEN0840,3,6,6,4,2,4,3,2,5,10,8,3
GEN0841,37,54,61,59,63,100,119,53,65,88,82,57
GEN0842,67,43,33,104,61,126,99,22,87,145,124,57
GEN0843,37,13,15,13,10,22,34,9,26,41,16,28
GEN0844,26,15,42,21,25,61,32,24,15,47,29,35
GEN0845,112,116,114,252,111,281,164,169,139,216,254,130
GEN0846,762,440,393,548,748,986,939,540,758,1809,725,1278
GEN0847,610,988,527,794,815,1126,1943,738,488,1164,1374,736
GEN0848,69,67,43,61,101,187,119,42,53,78,141,94
GEN0849,218,269,171,178,237,385,291,266,247,313,414,353
GEN0850,16,21,22,23,31,40,35,6,11,60,24,22
GEN0851,103,106,56,50,125,452,317,108,99,154,225,210
GEN0852,6,8,17,9,5,18,20,9,11,10,19,12
GEN0853,241,236,127,231,134,333,380,221,203,589,262,297
GEN0854,20,12,9,7,5,20,10,13,8,13,12,9
GEN0855,19,2,12,9,16,38,15,9,18,26,19,13
GEN0856,35,35,84,116,99,111,115,89,49,110,121,64
GEN0857,141,118,100,121,145,376,167,136,209,250,244,210
GEN0858,4,4,7,3,8,5,7,6,13,10,13,8
GEN0859,28,25,26,25,30,73,66,37,7,36,53,23
GEN0860,80,62,74,70,41,237,139,47,145,182,121,81
GEN0861,132,85,114,84,93,180,145,96,149,141,133,142
GEN0862,18,12,9,22,9,42,32,6,18,39,45,21
GEN0863,48,96,111,91,115,112,100,55,62,154,62,136
GEN0864,36,40,30,42,39,105,83,54,39,113,76,50
GEN0865,498,309,575,580,484,900,683,925,418,562,1086,765
GEN0866,135,95,168,72,147,223,280,96,253,233,267,326
GEN0867,8,17,6,8,4,18,7,8,11,7,13,5
GEN0868,2,3,1,0,4,1,5,2,2,5,5,0
GEN0869,48,64,65,59,61,97,93,53,102,141,109,100
GEN0870,186,350,257,542,539,773,926,583,477,924,597,399
GEN0871,83,104,82,110,139,94,199,99,70,252,173,136
GEN0872,283,223,271,458,227,567,344,278,205,442,507,377
GEN0873,32,23,30,30,23,34,264,156,222,194,213,233
GEN0874,1,10,7,1,4,19,7,4,4,14,11,17
GEN0875,215,285,193,243,259,348,444,359,165,692,266,294
GEN0876,75,99,52,54,74,218,78,68,67,197,126,68
GEN0877,162,304,99,204,177,677,201,84,171,373,447,229
GEN0878,5,4,8,12,6,8,12,4,8,8,12,12
GEN0879,63,36,56,94,74,141,150,93,81,166,258,132
GEN0880,30,29,17,13,37,46,29,32,34,39,30,31
GEN0881,242,282,220,229,298,742,307,292,144,424,371,393
GEN0882,32,20,22,19,21,40,35,18,21,67,46,45
GEN0883,27,22,19,48,26,29,35,23,11,71,29,37
GEN0884,39,24,17,25,32,39,25,17,25,39,57,36
GEN0885,528,571,725,544,271,1264,679,266,407,719,453,613
GEN0886,48,83,38,80,47,120,480,195,290,954,678,511
GEN0887,17,27,20,23,21,36,28,11,28,42,28,25
GEN0888,11,16,7,24,7,31,31,16,16,22,22,21
GEN0889,7,12,16,16,13,19,24,17,15,34,24,18
GEN0890,904,409,530,560,302,1228,1585,466,926,1105,1168,735
GEN0891,3,4,4,5,5,3,8,2,5,3,4,3
GEN0892,16,11,13,25,17,57,15,21,28,28,32,9
GEN0893,213,144,110,222,152,284,278,184,149,276,373,279
GEN0894,494,401,286,362,393,627,531,286,398,721,945,488
GEN0895,46,64,50,38,75,59,61,52,44,85,100,55
GEN0896,324,187,373,282,345,329,499,94,218,592,315,216
GEN0897,188,166,238,277,157,466,90,120,134,81,134,73
GEN0898,273,304,236,274,343,614,544,335,259,706,324,366
GEN0899,64,45,89,110,43,137,124,53,53,92,160,107
GEN0900,692,763,1063,1089,1079,2884,1042,1123,949,951,990,983
GEN0901,82,121,90,140,40,211,70,80,105,235,90,114
GEN0902,783,827,622,1107,657,2100,1632,850,806,1014,1236,1168
GEN0903,7,17,7,10,19,23,19,10,10,23,12,14
GEN0904,289,286,369,356,304,549,359,268,393,489,462,454
GEN0905,8,4,8,1,8,23,11,10,1,11,19,16
GEN0906,2,4,7,10,1,11,8,6,0,8,19,12
GEN0907,159,133,142,123,132,280,231,184,241,142,178,208
GEN0908,14,24,11,15,31,38,15,17,22,29,21,17
GEN0909,119,109,105,124,242,331,181,146,159,229,279,196
GEN0910,15,10,5,24,5,21,23,13,11,21,25,11
GEN0911,739,692,579,805,1065,1539,1359,449,1361,1451,1716,942
GEN0912,70,82,45,85,102,115,106,104,33,144,154,123
GEN0913,12,7,1,13,5,20,17,10,14,35,30,11
GEN0914,73,145,66,93,141,194,191,29,93,200,89,86
GEN0915,183,311,365,250,267,620,656,187,260,367,554,234
GEN0916,15,23,19,31,19,33,22,28,16,24,57,14
GEN0917,128,147,169,105,179,178,273,89,144,382,276,238
GEN0918,1566,1572,1616,2411,2063,4873,4381,1439,2404,2327,4665,3376
GEN0919,217,253,272,393,319,619,370,220,312,520,698,430
GEN0920,44,88,65,66,64,161,232,177,166,350,340,289
GEN0921,21,35,26,24,22,54,52,17,45,47,37,26
GEN0922,183,124,130,202,171,468,364,127,250,455,291,296
GEN0923,14,21,4,3,5,14,1,5,14,16,8,6
GEN0924,2,2,0,2,0,0,1,0,0,2,1,0
GEN0925,17,15,17,13,24,26,34,19,50,41,28,21
GEN0926,24,16,3,7,8,26,20,4,12,18,15,15
GEN0927,754,1366,835,1221,1142,1794,1010,598,1404,2823,1449,918
GEN0928,109,106,61,99,73,133,114,84,81,163,139,86
GEN0929,16,20,7,16,15,36,14,10,9,38,19,9
GEN0930,15,21,6,16,15,14,28,11,10,20,13,10
GEN0931,150,149,117,143,199,247,396,171,86,311,385,182
GEN0932,15,10,21,16,26,52,71,64,86,219,141,127
GEN0933,23,32,26,20,60,58,58,19,32,57,34,36
GEN0934,66,53,39,56,59,98,108,62,51,115,109,71
GEN0935,53,98,90,61,79,212,112,63,85,157,131,84
GEN0936,47,123,93,77,83,179,103,68,125,94,178,64
GEN0937,123,83,78,109,95,162,152,70,46,106,163,77
GEN0938,354,565,678,1041,614,1087,591,269,770,720,920,334
GEN0939,636,742,1132,1001,529,1717,1463,1087,636,1895,1295,1174
GEN0940,11,2,5,3,5,14,12,4,8,10,7,3
GEN0941,3113,3198,3990,6734,6097,4661,6817,3376,3933,5504,13796,6360
GEN0942,66,86,84,45,157,215,214,82,118,109,144,135
GEN0943,638,574,595,449,870,1233,840,472,463,1265,850,948
GEN0944,19,27,22,24,18,51,39,19,18,44,49,20
GEN0945,95,193,156,71,62,234,226,63,135,259,171,131
GEN0946,57,99,118,60,65,217,87,89,85,277,152,132
GEN0947,82,100,60,103,115,164,164,101,49,101,143,118
GEN0948,438,229,357,359,160,567,484,244,293,528,634,294
GEN0949,252,147,127,158,303,142,345,175,210,461,420,255
GEN0950,16,10,12,18,8,35,20,18,25,32,22,6
GEN0951,40,32,69,108,43,160,91,55,46,80,226,54
GEN0952,254,214,248,218,353,359,400,157,338,721,268,439
GEN0953,322,185,229,198,371,532,278,132,267,356,451,240
GEN0954,54,31,38,27,35,87,67,38,60,45,82,19
GEN0955,36,56,50,27,66,91,44,40,61,83,87,70
GEN0956,55,36,50,28,49,41,85,82,56,151,105,49
GEN0957,15,12,9,9,10,20,59,23,28,39,36,38
GEN0958,8,14,10,15,6,12,13,9,5,17,21,4
GEN0959,958,962,699,1459,855,1737,1509,1024,1136,1416,1824,1345
GEN0960,31,53,40,59,41,77,49,28,74,65,38,43
GEN0961,103,60,93,75,80,234,118,59,137,186,82,86
GEN0962,22,12,12,14,23,19,26,14,21,58,34,21
GEN0963,446,973,438,396,548,1365,970,398,398,1560,1346,736
GEN0964,997,1057,1253,973,1143,1928,1834,1545,1424,2589,1925,1440
GEN0965,40,51,72,83,69,56,68,27,66,126,69,80
GEN0966,97,170,172,161,177,328,344,132,210,348,243,292
GEN0967,15,12,20,34,26,41,41,22,37,33,32,10
GEN0968,605,1769,1352,926,841,2834,3293,962,1322,1265,2298,1308
GEN0969,279,205,282,202,271,678,304,310,269,500,468,275
GEN0970,14,16,22,26,22,46,47,20,29,47,31,28
GEN0971,498,329,571,476,687,951,554,480,685,1477,855,942
GEN0972,143,67,116,155,151,275,175,104,102,157,88,191
GEN0973,123,110,164,144,196,324,34,16,20,58,28,16
GEN0974,112,78,76,101,188,256,163,88,177,274,264,127
GEN0975,17,18,28,15,21,89,27,14,42,55,53,14
GEN0976,11,16,25,41,30,84,64,24,23,69,27,31
GEN0977,196,168,139,260,185,377,227,161,227,214,358,262
GEN0978,68,56,75,54,65,194,104,93,72,100,153,65
GEN0979,14,20,16,17,16,40,4,2,4,1,3,1
GEN0980,1884,3251,1969,1433,1537,5186,2663,1440,1973,2953,3161,2013
GEN0981,83,73,55,60,37,128,82,43,59,46,131,60
GEN0982,21,18,26,23,22,53,59,29,41,66,37,36
GEN0983,23,24,13,16,37,46,24,9,19,55,50,48
GEN0984,143,210,170,162,181,528,414,96,216,299,402,220
GEN0985,334,423,279,406,348,668,556,294,528,1025,635,444
GEN0986,72,143,108,97,99,209,96,99,81,227,215,154
GEN0987,154,232,402,275,322,348,206,106,399,476,365,218
GEN0988,3,7,6,5,11,19,6,6,10,11,20,12
GEN0989,13,53,20,37,40,100,264,225,309,648,344,238
GEN0990,45,30,26,22,35,101,51,32,46,65,51,40
GEN0991,52,69,82,97,82,225,153,53,72,156,84,94
GEN0992,136,173,208,125,112,305,228,239,190,313,198,182
GEN0993,8,2,2,3,1,2,3,3,0,5,6,1
GEN0994,10086,11530,9811,9928,12512,12125,14528,6613,11612,18823,27288,14726
GEN0995,15,23,7,15,11,38,32,17,21,17,25,14
GEN0996,128,106,185,194,101,237,225,164,91,236,285,219
GEN0997,225,241,252,285,170,635,808,443,519,1943,585,876
GEN0998,334,312,249,258,339,259,477,251,300,366,371,213
GEN0999,84,106,70,116,107,174,145,67,133,166,151,193
GEN1000,0,0,0,2,1,3,2,1,0,1,0,1
GEN1001,15,8,12,12,11,24,18,18,14,30,15,11
GEN1002,290,263,226,149,253,451,229,257,205,645,369,450
GEN1003,16,22,18,25,40,42,33,19,18,23,26,23
GEN1004,13,13,17,9,9,30,15,11,24,27,25,12
GEN1005,0,1,1,0,1,1,6,0,1,4,2,0
GEN1006,347,582,594,843,548,824,711,355,673,622,680,480
GEN1007,123,144,266,180,120,233,244,155,109,358,344,188
GEN1008,21,11,6,30,8,40,28,16,18,39,19,22
GEN1009,37,39,55,59,96,107,85,17,64,90,59,58
GEN1010,60,50,71,72,44,81,1149,606,714,1410,456,353
GEN1011,21,9,18,11,14,25,24,13,11,20,13,20
GEN1012,35,38,38,42,40,51,79,54,31,91,85,43
GEN1013,59,42,119,136,44,139,225,83,79,206,169,87
GEN1014,85,203,113,167,203,235,279,136,170,317,195,184
GEN1015,405,498,768,515,322,1269,789,304,614,639,698,536
GEN1016,92,78,39,95,38,107,127,87,65,187,81,72
GEN1017,33,32,17,17,42,27,36,14,51,39,44,36
GEN1018,91,52,114,144,181,177,208,64,150,224,128,187
GEN1019,17,17,28,34,24,37,39,17,23,35,43,27
GEN1020,6,9,8,6,12,17,9,6,11,21,15,10
GEN1021,225,491,442,542,340,1438,676,327,189,1194,1057,566
GEN1022,28,23,38,52,53,156,48,44,40,140,34,38
GEN1023,71,35,78,124,71,146,119,59,66,113,92,116
GEN1024,129,214,151,150,155,307,217,145,165,224,368,230
GEN1025,4,8,15,9,6,24,9,8,11,12,14,13
GEN1026,246,214,188,187,240,331,185,123,367,367,360,198
GEN1027,168,172,110,128,211,282,177,132,130,185,260,146
GEN1028,54,56,49,50,61,91,93,53,58,132,83,63
GEN1029,109,178,132,105,123,281,192,132,127,117,155,91
GEN1030,17,24,11,13,31,43,33,17,20,27,38,26
GEN1031,2,2,3,2,1,3,13,10,4,10,12,10
GEN1032,39,35,42,73,57,68,66,39,32,81,73,27
GEN1033,15,10,16,26,16,32,18,14,22,25,29,22
GEN1034,129,236,301,272,321,441,363,380,329,624,621,517
GEN1035,107,70,66,87,67,115,174,86,135,131,79,127
GEN1036,27,40,13,60,22,82,51,30,18,62,53,64
GEN1037,78,49,74,68,79,129,31,18,35,41,27,16
GEN1038,273,485,674,700,577,992,963,307,587,1363,910,359
GEN1039,200,331,269,388,358,541,897,381,347,673,767,452
GEN1040,39,104,118,120,205,228,121,131,173,225,119,182
GEN1041,70,139,104,105,170,153,1696,413,1271,1538,757,845
GEN1042,44,36,27,31,52,59,59,89,64,81,49,51
GEN1043,45,59,43,66,76,120,25,22,11,49,17,21
GEN1044,264,168,143,110,202,349,277,124,170,399,348,251
GEN1045,79,38,56,77,40,85,104,63,90,85,85,82
GEN1046,95,94,100,75,115,222,25,18,17,35,22,21
GEN1047,12,21,14,16,24,16,3,12,6,42,24,14
GEN1048,4,2,6,3,9,8,14,4,8,14,8,2
GEN1049,1,1,4,2,6,8,11,11,3,16,8,11
GEN1050,18,29,35,26,35,69,51,39,25,45,44,41
GEN1051,577,465,609,636,477,1188,1116,339,425,931,550,500
GEN1052,374,396,262,724,406,679,457,387,440,911,989,626
GEN1053,16,13,14,22,15,14,34,17,12,24,12,11
GEN1054,8,4,3,7,6,7,11,2,9,5,6,3
GEN1055,282,190,221,206,299,257,368,236,186,371,449,203
GEN1056,202,127,201,110,107,307,111,88,167,130,168,236
GEN1057,7,10,5,9,5,19,10,3,6,20,13,4
GEN1058,351,188,253,369,234,761,746,173,374,764,585,407
GEN1059,40,63,77,94,62,145,129,131,65,162,86,98
GEN1060,581,544,523,506,429,1557,831,388,464,1646,940,315
GEN1061,98,91,63,125,82,281,168,69,89,344,241,111
GEN1062,289,357,252,295,329,682,383,207,274,593,566,237
GEN1063,167,118,82,147,66,309,150,134,59,263,320,169
GEN1064,23,21,13,15,15,26,22,6,15,32,40,18
GEN1065,58,49,68,72,58,75,69,34,52,90,62,73
GEN1066,13,23,20,7,21,41,35,7,27,52,24,40
GEN1067,181,240,249,163,263,295,283,206,228,415,400,635
GEN1068,9,14,7,27,9,13,13,13,12,16,13,19
GEN1069,1,10,4,4,4,4,10,3,12,16,6,11
GEN1070,156,200,181,202,183,393,246,217,166,433,158,333
GEN1071,397,452,293,358,454,1023,444,398,405,360,828,439
GEN1072,906,491,956,625,644,1433,1340,599,468,748,364,865
GEN1073,268,332,295,350,409,447,524,392,459,532,664,559
GEN1074,4,7,3,7,5,6,12,4,14,13,8,2
GEN1075,18,21,20,26,26,57,19,21,24,31,28,16
GEN1076,17,27,23,32,23,52,32,24,20,28,57,40
GEN1077,67,100,45,102,43,133,67,52,45,156,119,82
GEN1078,0,3,4,9,2,4,21,10,18,14,24,18
GEN1079,67,83,90,58,55,137,99,52,65,106,85,47
GEN1080,161,93,121,105,203,358,171,95,55,201,255,184
GEN1081,15,19,13,33,11,44,24,5,14,12,20,5
GEN1082,85,84,64,80,136,175,78,68,100,214,121,120
GEN1083,505,290,509,483,673,1093,712,512,663,684,676,352
GEN1084,104,70,57,51,82,137,126,98,73,80,136,81
GEN1085,402,283,623,290,298,327,237,433,421,546,622,365
GEN1086,294,359,258,245,289,522,186,153,92,150,242,199
GEN1087,162,113,133,127,119,227,162,158,130,164,176,180
GEN1088,95,137,50,113,141,219,264,110,132,223,201,122
GEN1089,23,43,38,41,31,60,31,26,46,124,82,25
GEN1090,292,424,428,482,565,1251,634,312,660,1144,1077,540
GEN1091,15,44,34,30,16,74,50,26,45,34,58,26
GEN1092,26,18,29,29,18,21,26,14,21,40,52,21
GEN1093,165,161,176,241,342,321,461,277,196,370,247,112
GEN1094,14,13,20,19,10,25,41,17,16,24,13,25
GEN1095,156,139,125,133,81,234,324,130,71,154,166,206
GEN1096,226,205,414,410,387,720,626,378,262,438,568,375
GEN1097,50,126,51,76,60,115,85,44,78,154,143,80
GEN1098,107,75,49,113,65,118,147,41,73,83,114,90
GEN1099,305,273,277,376,451,598,380,285,354,480,539,536
GEN1100,205,186,266,278,230,445,341,99,230,380,282,222
GEN1101,2,1,5,12,5,9,8,6,8,5,8,6
GEN1102,7,2,6,7,12,7,21,7,4,13,16,7
GEN1103,532,516,324,846,508,1067,524,856,581,565,564,839
GEN1104,92,135,115,171,81,496,201,86,166,302,247,165
GEN1105,5,4,0,3,3,6,6,3,4,1,6,4
GEN1106,7,9,6,5,8,17,9,2,11,13,26,12
GEN1107,49,78,54,60,70,203,76,45,81,155,130,106
GEN1108,11,15,13,7,16,30,15,7,20,22,13,12
GEN1109,137,153,137,144,107,248,192,131,91,217,209,108
GEN1110,69,81,160,93,46,90,79,79,62,217,83,125
GEN1111,137,188,179,107,96,264,172,113,92,242,300,119
GEN1112,7,7,9,7,6,20,24,16,11,14,3,12
GEN1113,129,203,159,139,270,544,279,160,172,529,232,175
GEN1114,1139,955,1184,1834,1657,3666,1914,1688,1492,2628,1943,1915
GEN1115,19,14,13,13,15,37,22,17,23,43,23,25
GEN1116,317,553,467,571,238,1283,628,695,638,1209,1009,451
GEN1117,284,336,280,220,376,761,277,402,306,603,516,408
GEN1118,259,169,221,313,188,427,310,149,159,355,133,201
GEN1119,38,68,39,125,83,169,68,95,61,72,89,78
GEN1120,13,11,9,10,17,9,24,3,7,13,19,7
GEN1121,19,9,12,20,5,35,15,13,12,27,38,20
GEN1122,192,186,211,352,366,429,457,179,228,365,434,373
GEN1123,400,277,213,245,291,401,370,415,271,775,558,429
GEN1124,384,323,306,602,330,1190,607,504,631,893,1105,581
GEN1125,343,337,228,436,243,345,446,241,355,662,613,482
GEN1126,311,316,316,378,211,527,330,246,339,618,276,337
GEN1127,27,21,19,31,37,98,58,22,20,46,65,50
GEN1128,10,8,1,11,16,20,9,6,5,27,14,6
GEN1129,93,69,69,99,118,127,98,113,100,101,99,114
GEN1130,165,94,95,82,140,263,27,15,22,56,43,27
GEN1131,75,84,29,113,114,134,160,96,31,132,149,94
GEN1132,11,12,8,5,5,7,4,0,3,10,14,3
GEN1133,20,14,32,17,32,51,38,20,39,101,26,18
GEN1134,2,6,5,5,10,22,9,10,5,10,5,6
GEN1135,84,104,82,87,97,134,102,96,71,144,130,79
GEN1136,11,8,16,10,8,28,9,15,12,17,28,15
GEN1137,53,30,17,41,25,102,71,29,53,82,80,84
GEN1138,121,57,115,141,93,322,232,56,155,113,182,88
GEN1139,85,82,82,79,80,87,133,47,115,176,129,76
GEN1140,353,421,609,354,527,926,4161,3678,2595,5059,4776,2085
GEN1141,11,7,20,5,20,23,34,10,6,11,24,12
GEN1142,3,2,3,3,2,3,2,6,3,3,2,1
GEN1143,218,304,201,254,378,806,2273,1997,2114,4383,4027,2242
GEN1144,345,438,726,661,414,1600,706,536,792,1056,672,1230
GEN1145,585,728,840,629,555,1414,585,464,707,1552,1093,528
GEN1146,117,74,117,70,110,264,261,71,106,115,293,168
GEN1147,134,155,187,191,154,336,215,101,136,132,270,223
GEN1148,49,80,57,68,49,144,140,65,116,125,117,96
GEN1149,7,7,2,7,8,13,5,4,8,16,10,14
GEN1150,32,31,45,53,21,60,44,57,11,34,48,42
GEN1151,86,154,160,168,204,346,311,126,131,294,134,181
GEN1152,28,26,9,23,32,36,39,16,22,38,38,41
GEN1153,1332,1576,1914,2216,1971,2166,493,252,296,617,803,242
GEN1154,5,8,2,9,6,7,9,4,2,8,7,7
GEN1155,50,23,28,51,29,57,39,33,42,100,59,40
GEN1156,404,298,548,537,474,743,591,219,593,969,747,402
GEN1157,22,21,37,38,30,81,57,27,34,51,18,31
GEN1158,7,16,15,14,8,11,11,5,9,18,18,9
GEN1159,2,3,1,7,7,5,4,4,4,14,12,8
GEN1160,21,23,24,11,22,39,15,22,33,51,43,32
GEN1161,511,827,1162,1027,665,1550,1207,516,804,1287,1663,911
GEN1162,155,86,106,196,107,362,178,201,203,300,170,151
GEN1163,96,139,112,171,154,163,159,115,233,466,401,211
GEN1164,15,14,34,25,53,55,85,69,89,92,113,63
GEN1165,316,221,237,357,210,387,452,368,373,589,298,271
GEN1166,53,66,74,54,109,161,173,69,97,204,110,141
GEN1167,14,15,14,14,18,35,14,12,27,25,18,19
GEN1168,20,37,17,22,23,68,40,34,42,77,48,53
GEN1169,122,107,109,134,78,88,225,89,104,220,64,92
GEN1170,420,390,745,522,536,1075,676,267,465,693,510,601
GEN1171,92,87,77,48,115,134,130,49,67,147,169,47
GEN1172,129,99,112,148,156,324,196,105,125,462,185,195
GEN1173,2250,1488,1212,614,2378,2798,2976,1272,2526,4131,2331,3483
GEN1174,16,19,28,20,40,61,14,12,24,24,39,31
GEN1175,11,13,4,8,9,16,4,9,14,15,18,3
GEN1176,305,361,295,608,170,632,676,204,367,449,434,581
GEN1177,93,86,157,148,172,265,180,150,154,309,273,189
GEN1178,66,27,66,71,58,66,60,58,77,103,66,62
GEN1179,116,115,119,95,122,191,110,72,98,149,201,177
GEN1180,38,31,34,49,50,47,67,37,40,76,44,78
GEN1181,131,135,141,158,83,435,294,71,318,398,218,209
GEN1182,41,43,17,44,31,81,57,31,54,59,116,41
GEN1183,327,172,118,203,219,265,71,61,45,81,167,93
GEN1184,4,6,8,11,5,12,19,14,8,20,16,7
GEN1185,12,23,17,21,16,47,35,16,24,29,24,33
GEN1186,46,88,82,117,51,226,87,109,65,118,168,94
GEN1187,26,34,34,26,25,57,54,33,40,51,31,30
GEN1188,112,225,222,175,211,520,325,113,215,292,271,229
GEN1189,56,50,63,28,90,153,51,51,68,117,102,95
GEN1190,11,27,23,37,40,71,50,11,42,32,37,38
GEN1191,98,145,115,56,85,119,158,53,75,214,171,153
GEN1192,28,19,20,51,29,45,54,28,22,48,58,17
GEN1193,5,6,4,6,7,4,8,5,5,11,10,8
GEN1194,7,12,5,8,17,16,24,12,10,15,21,6
GEN1195,8,17,16,14,14,38,28,14,10,48,19,32
GEN1196,30,34,12,27,44,92,31,47,30,56,47,30
GEN1197,70,76,77,70,64,157,81,54,100,93,101,124
GEN1198,378,58,272,363,430,382,447,234,211,724,612,423
GEN1199,265,126,184,208,142,449,317,107,153,285,290,196
GEN1200,1184,1780,1078,1318,1545,1703,466,334,278,658,1071,445
GEN1201,669,937,284,755,535,559,791,287,260,968,838,767
GEN1202,39,30,61,63,43,37,113,36,41,67,106,56
GEN1203,1249,1039,524,918,1372,2138,1391,559,1431,2551,1846,2010
GEN1204,423,495,281,444,334,1002,820,409,486,893,754,492
GEN1205,33,64,29,37,36,57,31,41,28,52,70,26
GEN1206,89,131,115,207,107,292,143,56,98,151,154,151
GEN1207,193,586,196,407,421,790,530,534,422,969,514,658
GEN1208,77,154,119,169,82,228,138,86,93,134,156,105
GEN1209,219,165,155,342,197,563,610,386,383,890,376,487
GEN1210,174,170,56,224,69,404,973,483,821,1190,690,579
GEN1211,114,161,212,343,164,484,361,237,269,504,358,158
GEN1212,25,33,39,52,34,74,73,52,55,77,63,43
GEN1213,75,63,182,111,131,226,206,92,108,265,215,157
GEN1214,21,40,47,21,38,101,74,34,59,87,72,21
GEN1215,130,163,404,146,250,700,239,79,264,406,289,216
GEN1216,6,4,4,4,6,4,5,2,10,9,8,7
GEN1217,102,100,125,76,93,247,149,84,121,335,176,123
GEN1218,289,503,453,257,488,1064,587,336,622,974,613,491
GEN1219,191,166,186,155,243,463,260,170,244,353,296,242
GEN1220,25,69,72,101,51,83,74,74,80,235,110,88
GEN1221,128,67,170,153,125,413,210,191,185,267,183,277
GEN1222,15,21,10,28,12,27,30,17,22,22,11,16
GEN1223,10,10,13,15,21,27,35,10,9,39,30,11
GEN1224,10,37,28,44,34,48,23,42,54,35,76,39
GEN1225,35,37,30,69,38,156,104,50,75,75,129,84
GEN1226,364,368,380,222,147,694,814,394,374,645,384,428
GEN1227,15,19,22,22,32,15,24,21,11,39,24,24
GEN1228,220,210,297,379,401,253,452,411,321,507,352,538
GEN1229,4,7,8,7,7,19,6,2,7,17,8,8
GEN1230,21,17,19,16,10,60,18,18,17,35,11,28
GEN1231,55,70,31,89,87,185,57,48,86,102,104,53
GEN1232,420,481,597,319,521,1027,311,456,544,416,979,286
GEN1233,23,16,23,29,17,39,79,33,40,64,23,29
GEN1234,3,7,2,1,1,3,4,4,5,7,3,2
GEN1235,81,118,166,212,115,238,208,106,112,241,328,172
GEN1236,66,80,79,75,69,89,124,73,47,128,143,65
GEN1237,8,13,22,16,8,13,16,4,13,24,22,17
GEN1238,26,6,6,17,27,23,32,19,18,17,16,14
GEN1239,36,15,21,37,10,53,6,14,13,6,11,4
GEN1240,70,93,102,78,64,60,134,60,81,149,129,106
GEN1241,199,173,141,170,153,404,334,258,170,296,380,272
GEN1242,11,3,5,4,9,12,12,11,16,12,7,13
GEN1243,1894,1748,2487,2841,3135,5108,4887,2529,2163,4151,4130,2964
GEN1244,100,38,57,117,36,107,148,42,63,137,94,91
GEN1245,30,30,51,26,53,88,49,31,34,51,36,49
GEN1246,203,186,155,235,244,353,479,120,287,318,322,194
GEN1247,40,68,54,67,72,141,163,48,90,107,144,111
GEN1248,1436,3480,3120,2955,2969,4219,3875,2357,4083,6066,4327,3187
GEN1249,264,400,537,366,493,907,746,294,447,423,613,301
GEN1250,29,26,46,54,28,89,52,54,58,65,90,47
GEN1251,20,23,40,37,53,94,56,29,46,43,61,40
GEN1252,35,30,38,57,28,88,32,29,35,49,27,43
GEN1253,26,16,23,48,30,47,31,34,27,83,95,29
GEN1254,157,213,257,283,145,260,176,190,117,309,313,243
GEN1255,20,24,29,22,40,46,32,23,25,43,21,18
GEN1256,778,806,1179,1193,1364,1939,2351,1091,1465,2298,1905,1485
GEN1257,61,50,64,41,69,135,105,79,74,76,82,36
GEN1258,55,50,62,105,56,119,70,62,86,112,81,90
GEN1259,207,270,234,337,409,347,258,300,324,656,689,400
GEN1260,0,4,4,2,7,6,3,3,8,4,8,6
GEN1261,15,25,18,12,17,26,19,15,6,40,28,19
GEN1262,152,140,190,122,235,194,507,672,571,1237,864,230
GEN1263,49,69,106,78,52,215,525,340,755,658,718,524
GEN1264,43,62,62,34,46,208,82,83,92,132,92,59
GEN1265,94,112,118,57,113,183,189,102,226,391,350,235
GEN1266,22,37,15,17,33,61,16,20,18,66,40,33
GEN1267,34,55,42,70,68,102,63,24,49,123,127,84
GEN1268,14,8,5,14,7,15,14,8,3,18,19,5
GEN1269,8,1,3,9,0,5,2,1,6,7,6,4
GEN1270,563,357,458,406,392,1048,319,151,160,152,189,230
GEN1271,14,21,7,12,8,26,18,11,9,14,18,14
GEN1272,8,29,37,20,19,27,19,36,20,31,43,25
GEN1273,325,894,552,478,640,1088,1076,475,882,1298,1135,1006
GEN1274,477,492,384,740,336,813,403,345,314,763,670,411
GEN1275,41,18,30,55,20,45,50,31,39,64,53,36
GEN1276,33,34,36,15,36,60,63,39,35,35,53,30
GEN1277,59,38,37,88,64,150,76,102,36,85,88,43
GEN1278,17,23,15,27,10,20,6,13,13,44,27,21
GEN1279,109,107,142,279,304,278,229,146,197,336,281,176
GEN1280,127,48,56,120,65,142,85,56,91,145,161,140
GEN1281,31,93,74,85,90,86,89,47,86,149,122,63
GEN1282,302,173,194,127,153,410,578,233,291,467,387,267
GEN1283,229,190,297,206,219,479,171,168,159,509,270,264
GEN1284,1106,1558,1296,1326,1324,1568,1772,1226,759,2074,1837,1488
GEN1285,663,825,869,722,851,1688,1406,884,637,745,975,1076
GEN1286,2,2,1,4,6,6,3,1,7,8,12,7
GEN1287,200,441,154,333,302,681,371,249,366,333,512,259
GEN1288,8,10,9,25,5,15,16,14,14,21,18,14
GEN1289,11,7,1,6,5,10,6,3,15,16,11,19
GEN1290,138,169,240,178,267,368,273,179,311,340,404,217
GEN1291,23,12,8,22,23,30,15,14,22,42,35,27
GEN1292,35,53,33,38,38,78,54,28,57,108,38,58
GEN1293,263,379,267,375,519,409,304,363,442,906,664,568
GEN1294,29,30,23,22,17,66,55,21,20,52,34,28
GEN1295,10,10,16,11,20,55,11,15,23,15,37,23
GEN1296,127,90,115,127,96,247,152,87,90,232,224,74
GEN1297,492,288,598,475,391,737,922,564,331,1287,538,923
GEN1298,135,130,157,222,149,341,315,156,124,234,188,231
GEN1299,10,8,6,4,6,6,8,2,5,5,15,2
GEN1300,28,23,18,16,29,52,47,13,36,37,24,19
GEN1301,17,55,59,53,50,71,71,26,84,101,58,38
GEN1302,1520,1211,2487,1548,918,3653,3336,1205,1473,2734,2941,1886
GEN1303,235,252,272,359,251,650,345,520,416,471,439,224
GEN1304,238,169,235,194,399,866,73,28,58,92,75,38
GEN1305,319,438,537,392,388,497,878,563,396,1043,868,463
GEN1306,39,38,25,50,33,44,87,32,53,63,81,35
GEN1307,161,123,137,215,207,227,241,96,205,420,224,183
GEN1308,148,145,89,183,111,317,253,118,170,467,227,210
GEN1309,11,23,7,8,17,40,12,20,19,15,33,25
GEN1310,53,62,47,89,97,149,76,66,90,116,72,61
GEN1311,189,100,177,224,141,461,314,207,229,331,285,208
GEN1312,14,10,11,5,5,9,197,57,67,306,195,135
GEN1313,151,289,147,382,160,613,292,177,379,641,493,255
GEN1314,355,236,205,295,146,633,528,189,282,263,351,545
GEN1315,298,382,376,421,344,753,744,171,575,934,469,676
GEN1316,21,4,29,12,23,74,19,26,24,62,23,17
GEN1317,73,89,68,71,72,160,134,105,82,97,75,104
GEN1318,495,582,671,785,655,1710,858,733,968,1907,635,946
GEN1319,198,181,354,177,342,708,772,233,318,381,352,329
GEN1320,16,28,15,30,19,49,57,4,27,41,42,16
GEN1321,82,89,60,138,127,158,167,48,84,155,123,106
GEN1322,913,576,935,1275,815,1530,1499,785,549,798,933,617
GEN1323,61,57,51,40,74,125,136,64,96,89,99,63
GEN1324,110,103,139,156,106,373,109,85,112,119,151,215
GEN1325,4030,6900,5210,2709,3714,6366,11395,17072,8077,35815,17709,16892
GEN1326,47,82,66,27,40,120,77,89,54,115,144,94
GEN1327,68,38,40,52,65,159,117,59,74,100,87,44
GEN1328,21,34,11,12,12,20,15,15,9,15,15,19
GEN1329,20,17,35,20,22,39,36,25,37,47,24,12
GEN1330,1094,622,554,915,782,2246,936,409,859,1503,1545,822
GEN1331,33,66,44,53,46,89,59,35,46,104,49,73
GEN1332,7,12,3,9,15,15,14,14,9,14,21,13
GEN1333,19,10,15,25,5,9,30,9,14,31,35,21
GEN1334,105,99,47,46,56,116,83,69,80,156,129,121
GEN1335,157,157,284,296,199,582,409,145,246,318,487,222
GEN1336,6,20,19,29,21,47,77,22,23,37,58,25
GEN1337,83,272,288,238,212,520,308,130,219,508,202,131
GEN1338,66,41,47,15,49,56,42,34,17,45,54,31
GEN1339,147,115,103,95,127,215,85,83,197,293,256,61
GEN1340,112,179,130,185,225,283,249,116,230,350,326,271
GEN1341,167,250,145,212,206,316,419,179,185,521,408,238
GEN1342,28,14,18,54,35,75,26,42,33,71,101,41
GEN1343,37,57,61,58,48,150,112,60,42,87,55,59
GEN1344,204,111,180,122,159,510,195,137,205,276,125,207
GEN1345,9,10,9,7,11,9,22,9,3,15,15,14
GEN1346,66,62,69,80,79,211,120,62,108,224,97,101
GEN1347,127,118,114,89,163,289,213,192,194,373,290,149
GEN1348,261,419,392,364,537,660,522,305,533,569,872,411
GEN1349,48,36,78,64,48,101,162,143,211,234,272,145
GEN1350,54,34,37,21,67,73,118,49,36,132,94,62
GEN1351,65,97,56,82,77,163,208,139,111,132,124,96
GEN1352,19,23,20,17,33,37,27,17,38,31,54,27
GEN1353,38,29,35,45,68,102,53,22,58,93,78,34
GEN1354,85,153,142,52,134,146,312,108,159,130,186,136
GEN1355,84,54,104,99,70,127,100,89,111,185,152,103
GEN1356,11,7,8,16,15,27,15,8,11,29,24,13
GEN1357,41,38,15,20,40,86,43,54,31,78,87,42
GEN1358,7,1,1,5,1,6,3,0,3,8,3,3
GEN1359,263,380,159,261,198,573,335,122,263,624,329,368
GEN1360,19,32,19,24,51,45,42,19,34,72,40,30
GEN1361,99,24,72,77,146,146,127,65,93,215,165,187
GEN1362,11,12,10,12,14,28,23,5,9,27,21,11
GEN1363,40,59,27,76,39,192,64,31,88,124,90,39
GEN1364,116,66,125,117,183,265,178,109,97,293,242,183
GEN1365,281,254,182,171,416,671,375,272,289,481,595,361
GEN1366,2,3,5,6,8,16,19,5,9,9,9,17
GEN1367,315,284,344,232,213,413,1376,1509,1592,1652,1951,1825
GEN1368,51,15,37,56,64,137,50,46,33,61,50,82
GEN1369,26,24,17,17,14,64,33,13,19,34,36,14
GEN1370,156,102,118,206,114,362,212,125,109,171,263,198
GEN1371,23,27,44,38,38,100,63,36,18,80,54,52
GEN1372,30,22,45,77,43,76,31,24,47,81,40,46
GEN1373,22,22,22,22,27,19,19,15,25,19,24,21
GEN1374,84,71,56,79,71,150,127,84,71,125,262,75
GEN1375,76,87,57,90,49,105,128,53,88,135,79,44
GEN1376,52,31,37,61,49,69,46,19,64,69,82,78
GEN1377,13,8,6,11,18,31,8,4,5,4,2,1
GEN1378,28,44,14,55,20,52,38,23,46,55,35,45
GEN1379,104,114,115,108,98,171,155,78,130,203,268,95
GEN1380,601,380,401,544,505,1114,76,75,74,146,164,74
GEN1381,36,40,53,31,64,66,59,45,51,127,98,93
GEN1382,845,1091,730,443,564,1190,900,426,504,1361,674,881
GEN1383,41,62,49,45,49,109,79,57,72,172,103,55
GEN1384,9,9,12,15,13,14,17,4,22,16,15,13
GEN1385,209,163,205,183,126,452,307,116,187,307,411,235
GEN1386,9,12,18,15,14,27,12,16,14,13,18,20
GEN1387,156,112,123,129,151,144,262,95,130,226,106,125
GEN1388,254,344,403,405,370,465,418,288,411,585,504,389
GEN1389,48,35,53,24,62,46,38,34,41,37,79,34
GEN1390,50,37,41,70,42,101,70,65,70,98,114,32
GEN1391,3325,2440,1569,3500,2724,7036,2405,2703,3791,7619,3819,2116
GEN1392,54,109,107,100,125,163,55,37,39,59,81,49
GEN1393,129,56,64,126,96,195,126,66,105,221,198,189
GEN1394,143,190,265,216,326,527,635,272,308,698,875,481
GEN1395,36,56,48,58,40,78,45,46,49,165,107,91
GEN1396,29,43,33,76,38,54,52,37,55,59,115,83
GEN1397,89,129,72,170,92,153,144,131,101,127,120,105
GEN1398,5,1,1,2,1,2,6,4,0,2,0,4
GEN1399,531,680,573,375,431,1002,1238,402,664,948,827,861
GEN1400,3,10,12,9,14,27,11,16,8,22,23,23
GEN1401,9,7,9,10,12,21,22,14,9,23,26,6
GEN1402,78,161,66,157,157,289,206,101,131,344,350,233
GEN1403,26,80,39,74,71,214,106,81,67,126,82,94
GEN1404,6,10,2,10,7,10,11,5,7,12,23,6
GEN1405,56,102,39,93,60,143,118,78,151,170,125,92
GEN1406,6,13,5,10,15,9,16,15,20,26,20,15
GEN1407,8,18,21,31,23,51,33,20,22,23,28,38
GEN1408,3,2,9,11,9,9,38,9,14,57,16,20
GEN1409,19,18,23,12,14,26,28,13,13,26,8,12
GEN1410,159,83,105,178,116,389,117,101,135,163,178,73
GEN1411,63,67,33,84,68,123,72,49,94,100,98,58
GEN1412,102,65,74,119,129,168,111,92,63,200,143,130
GEN1413,191,269,297,229,215,480,613,116,186,398,501,499
GEN1414,54,43,49,114,43,127,94,42,79,116,182,76
GEN1415,18,16,28,24,15,21,44,25,19,62,28,10
GEN1416,30,41,29,41,45,54,45,41,32,53,54,41
GEN1417,703,902,726,889,910,2102,1314,643,632,1568,1111,1201
GEN1418,80,37,83,109,61,70,16,17,7,16,22,8
GEN1419,92,123,91,68,125,312,236,93,93,140,168,109
GEN1420,38,68,28,85,58,165,408,230,245,630,427,429
GEN1421,77,85,86,94,72,219,147,89,97,250,105,139
GEN1422,75,131,105,82,130,235,141,98,176,182,275,107
GEN1423,62,43,56,63,46,143,109,48,79,100,118,88
GEN1424,45,49,37,58,82,76,50,49,46,55,72,44
GEN1425,15,22,25,12,20,40,29,19,12,37,31,27
GEN1426,12,12,15,17,18,20,31,14,11,27,9,16
GEN1427,121,111,123,144,164,304,122,84,190,204,192,73
GEN1428,226,314,214,228,143,292,371,276,202,501,349,90
GEN1429,227,301,308,391,167,442,307,307,194,495,440,411
GEN1430,61,45,71,110,62,118,102,41,52,100,115,87
GEN1431,18,14,15,20,16,39,32,22,26,25,32,18
GEN1432,153,129,179,147,124,159,265,228,325,462,274,208
GEN1433,155,160,98,151,216,220,215,92,190,383,219,193
GEN1434,5,5,7,7,6,16,2,6,5,5,8,13
GEN1435,363,253,176,319,259,354,586,236,342,276,368,186
GEN1436,195,209,135,214,215,247,237,141,140,525,174,134
GEN1437,729,541,728,794,755,1637,1434,1401,547,1725,1465,791
GEN1438,11,9,5,3,12,20,11,17,13,13,16,12
GEN1439,3,4,9,11,5,14,17,5,6,18,13,16
GEN1440,253,247,152,110,269,318,363,220,361,358,279,198
GEN1441,7,4,3,3,1,12,8,2,3,6,4,3
GEN1442,15,29,24,25,18,31,14,19,21,42,17,14
GEN1443,1,6,15,16,12,33,9,19,8,21,13,17
GEN1444,14,13,19,12,10,45,12,9,9,24,16,18
GEN1445,2,1,3,4,1,6,6,1,2,4,6,4
GEN1446,51,50,55,44,82,62,332,149,157,589,401,254
GEN1447,270,222,235,233,447,282,604,406,188,693,440,238
GEN1448,116,152,120,93,96,288,269,80,123,269,142,162
GEN1449,106,69,120,118,149,248,232,119,88,131,171,84
GEN1450,16,35,45,24,51,139,48,39,41,46,49,41
GEN1451,831,515,734,1097,760,1190,523,801,667,1683,945,865
GEN1452,106,181,85,85,182,276,476,389,258,636,544,666
GEN1453,358,208,180,374,258,882,562,269,560,728,446,323
GEN1454,2,8,3,10,9,18,12,5,6,11,10,7
GEN1455,100,133,169,164,102,139,236,145,114,361,163,89
GEN1456,12,11,11,13,15,19,10,14,17,30,16,22
GEN1457,99,142,116,133,100,158,192,124,146,196,126,175
GEN1458,77,45,142,74,76,206,127,78,67,212,219,145
GEN1459,7,13,4,18,7,23,13,11,4,16,23,13
GEN1460,48,75,30,57,92,279,103,101,105,182,172,116
GEN1461,454,648,356,399,521,969,688,191,444,880,657,496
GEN1462,83,140,99,149,176,257,238,123,197,437,225,175
GEN1463,145,139,100,177,168,299,165,86,118,294,182,177
GEN1464,30,14,23,8,20,31,23,16,14,41,25,21
GEN1465,21,19,18,29,30,43,29,13,22,34,26,31
GEN1466,12,13,15,2,17,37,16,3,12,25,17,19
GEN1467,74,106,88,83,74,125,98,58,97,120,125,101
GEN1468,216,349,463,339,447,1098,810,220,498,1895,897,579
GEN1469,55,142,101,189,152,375,261,121,169,233,248,144
GEN1470,59,57,61,77,70,93,100,31,90,141,110,94
GEN1471,9,9,15,14,9,33,18,5,4,10,24,17
GEN1472,77,116,175,148,117,302,130,86,168,272,318,124
GEN1473,36,39,43,39,52,71,36,31,34,59,72,56
GEN1474,3,4,3,1,3,8,4,2,2,12,3,4
GEN1475,1,2,7,6,5,8,6,2,5,9,5,5
GEN1476,31,45,26,35,42,36,58,41,34,62,50,36
GEN1477,10,13,16,13,5,17,22,16,10,19,39,16
GEN1478,756,754,468,734,1141,1924,1827,594,1077,1992,2491,1100
GEN1479,55,90,82,102,50,157,103,53,82,94,159,64
GEN1480,6,10,8,13,23,12,12,14,12,17,10,26
GEN1481,34,13,28,26,23,48,42,23,25,50,36,28
GEN1482,771,839,726,1331,1326,1775,1138,523,881,2416,1182,1068
GEN1483,10,18,13,13,17,27,21,21,26,11,17,18
GEN1484,148,383,195,210,252,244,579,170,292,487,350,302
GEN1485,106,68,60,178,176,294,237,123,171,254,217,126
GEN1486,614,320,800,664,618,1335,961,645,480,1257,1201,1123
GEN1487,211,118,184,73,156,308,852,459,427,1180,1014,591
GEN1488,38,9,38,26,40,109,22,24,16,90,59,34
GEN1489,115,124,116,219,142,239,263,97,150,331,241,192
GEN1490,73,62,83,73,90,108,122,75,60,158,83,80
GEN1491,258,276,118,404,221,530,699,249,340,684,640,306
GEN1492,31,58,50,42,59,74,54,39,115,110,84,115
GEN1493,1223,1066,1409,1793,1537,2188,2042,1264,1158,2798,4267,2724
GEN1494,79,41,75,72,63,89,115,62,88,102,108,106
GEN1495,81,189,181,125,127,259,232,99,152,179,248,282
GEN1496,31,20,28,17,13,46,39,42,28,31,39,19
GEN1497,73,54,58,92,90,91,147,106,74,151,175,85
GEN1498,33,64,65,82,84,142,78,37,70,125,108,73
GEN1499,50,116,74,105,95,103,150,90,96,130,213,163
GEN1500,170,298,193,165,182,534,2854,1144,1592,4240,2759,1704
GEN1501,43,22,20,32,29,44,61,40,13,41,50,38
GEN1502,12,11,20,24,25,18,28,11,14,62,14,18
GEN1503,283,322,542,376,487,775,744,374,520,599,658,636
GEN1504,45,33,17,35,34,118,29,32,37,48,63,38
GEN1505,24,11,20,27,17,50,26,21,22,47,21,27
GEN1506,358,431,376,805,378,768,887,362,569,843,457,712
GEN1507,195,367,191,163,164,430,317,202,326,212,435,270
GEN1508,1,1,1,2,1,2,0,0,2,2,1,2
GEN1509,40,31,22,34,40,77,32,16,53,43,65,59
GEN1510,217,155,149,153,236,483,324,87,348,863,368,291
GEN1511,205,260,288,153,158,633,274,205,454,562,564,446
GEN1512,18,20,61,21,39,68,49,21,44,53,60,41
GEN1513,713,737,669,925,783,1550,1268,707,765,1801,775,813
GEN1514,18,22,12,22,21,53,29,26,33,54,27,34
GEN1515,44,52,41,60,57,82,67,63,49,56,64,52
GEN1516,59,19,67,54,53,160,43,77,56,187,119,82
GEN1517,41,104,54,96,88,111,97,89,58,106,70,56
GEN1518,361,214,248,139,265,496,327,243,256,405,492,293
GEN1519,324,295,263,391,395,857,450,246,359,1057,893,534
GEN1520,57,44,63,77,43,132,137,64,44,131,139,121
GEN1521,382,500,643,494,621,827,860,412,894,836,762,664
GEN1522,19,22,30,30,9,31,49,10,29,43,52,39
GEN1523,57,37,51,22,48,96,86,33,54,65,52,58
GEN1524,915,812,990,986,1363,1506,1256,635,811,2211,1597,1359
GEN1525,70,127,65,90,80,191,96,52,58,132,125,123
GEN1526,397,247,383,299,583,646,513,327,468,276,492,563
GEN1527,47,61,15,37,39,71,83,42,20,63,43,20
GEN1528,36,37,31,60,37,105,4,3,8,12,8,8
GEN1529,58,63,63,26,42,102,102,33,89,129,148,80
GEN1530,70,45,58,98,120,162,87,75,56,182,229,131
GEN1531,32,40,25,31,37,35,56,23,68,78,68,27
GEN1532,68,63,55,40,37,171,103,54,79,124,164,114
GEN1533,164,90,140,301,251,373,348,186,288,452,252,236
GEN1534,666,306,461,425,430,588,686,221,604,466,695,707
GEN1535,77,114,61,67,77,146,173,57,64,113,123,106
GEN1536,174,136,267,328,106,349,243,208,238,304,281,244
GEN1537,245,320,210,262,359,465,283,103,194,951,368,396
GEN1538,7,3,13,13,13,22,22,6,11,51,17,19
GEN1539,4,2,4,6,5,9,7,5,7,5,4,3
GEN1540,1081,1135,1136,728,1382,1944,1301,562,353,1692,1543,975
GEN1541,480,667,552,746,541,1361,926,418,365,1274,732,361
GEN1542,84,68,76,96,42,126,87,54,60,62,125,79
GEN1543,111,92,46,107,88,122,105,93,87,269,176,218
GEN1544,11,16,21,24,24,30,28,12,15,24,20,18
GEN1545,4,10,6,6,10,12,12,5,16,14,14,16
GEN1546,130,84,117,156,95,209,170,90,181,231,170,153
GEN1547,5,7,6,6,9,3,7,1,14,8,7,13
GEN1548,263,139,338,379,362,802,448,358,258,473,756,399
GEN1549,17,20,21,12,35,51,50,22,25,45,52,32
GEN1550,64,83,125,89,65,317,197,63,154,144,115,100
GEN1551,722,1325,1221,847,998,3033,1572,949,2317,2777,2829,1372
GEN1552,1158,1196,1418,1959,1334,2132,2264,1081,1645,2551,2389,1403
GEN1553,41,37,52,45,50,142,92,28,46,101,45,74
GEN1554,317,226,272,446,381,348,957,325,259,1021,799,248
GEN1555,8,12,12,10,26,19,21,8,5,17,18,16
GEN1556,18,22,26,32,19,64,19,23,32,75,66,49
GEN1557,76,173,62,95,152,252,222,166,160,226,277,196
GEN1558,764,626,689,523,883,1644,825,480,833,1245,1021,437
GEN1559,30,27,25,20,20,31,47,13,33,43,73,26
GEN1560,92,189,145,179,78,408,203,91,179,263,317,124
GEN1561,51,69,72,83,65,179,185,84,85,161,56,96
GEN1562,6,15,9,6,4,10,22,10,9,20,12,3
GEN1563,49,45,29,52,41,155,37,10,36,40,43,26
GEN1564,975,997,630,637,827,1132,684,574,762,829,1120,845
GEN1565,34,59,35,62,56,49,71,41,67,70,90,68
GEN1566,202,91,104,127,140,407,259,152,200,219,161,214
GEN1567,220,174,180,416,212,425,371,274,412,660,456,161
GEN1568,22,14,13,11,10,35,44,15,34,32,44,21
GEN1569,528,438,273,515,697,535,597,572,657,1087,1041,528
GEN1570,634,771,583,955,640,1332,978,862,487,2517,995,772
GEN1571,724,696,870,1707,833,1836,1134,462,1206,1194,1579,502
GEN1572,705,504,325,748,442,879,2868,4520,2885,4355,4760,6502
GEN1573,25,35,35,30,40,54,39,40,23,60,42,24
GEN1574,33,20,18,15,29,39,36,33,34,43,33,35
GEN1575,31,18,23,23,17,33,33,22,19,23,25,35
GEN1576,13,30,14,19,5,24,19,7,11,24,15,14
GEN1577,30,11,26,19,17,28,18,17,30,19,20,14
GEN1578,262,244,361,382,331,527,569,227,191,418,888,213
GEN1579,465,776,516,301,726,1560,1254,386,684,569,1184,806
GEN1580,12,33,30,33,35,44,6,6,13,15,8,19
GEN1581,377,198,287,215,206,379,319,418,245,436,627,266
GEN1582,5,2,10,4,5,12,7,7,3,18,13,10
GEN1583,26,24,56,40,34,119,56,31,37,100,66,71
GEN1584,10,11,22,10,21,17,38,9,14,24,34,23
GEN1585,4,5,4,7,0,12,9,3,14,17,10,4
GEN1586,45,92,63,58,95,114,158,58,75,148,104,98
GEN1587,65,38,60,83,104,246,107,84,99,197,57,56
GEN1588,29,35,31,44,29,45,80,55,59,112,54,60
GEN1589,13,35,31,28,48,47,50,33,31,46,67,61
GEN1590,12,14,12,21,12,33,36,13,11,37,20,11
GEN1591,34,73,68,71,58,138,109,40,49,122,115,94
GEN1592,18,37,17,22,23,47,36,21,38,56,49,29
GEN1593,77,114,102,74,91,127,222,110,87,147,188,90
GEN1594,6,11,10,12,7,21,4,1,2,5,5,4
GEN1595,53,111,60,73,97,232,95,78,94,101,125,54
GEN1596,98,91,130,108,181,213,189,112,123,278,174,185
GEN1597,386,510,454,563,508,918,607,300,342,881,657,558
GEN1598,261,344,242,331,303,677,664,264,415,680,461,344
GEN1599,70,81,106,83,54,227,137,132,80,100,108,140
GEN1600,24,18,23,18,20,56,39,27,11,41,52,14
GEN1601,7,4,0,10,3,7,9,2,4,2,8,6
GEN1602,102,50,40,39,70,93,153,78,89,140,143,55
GEN1603,614,659,508,799,491,1128,382,661,791,1511,510,708
GEN1604,751,686,1193,1104,783,1367,766,584,868,2022,948,976
GEN1605,1,0,1,0,0,2,2,0,2,3,0,1
GEN1606,25,14,18,15,14,38,44,30,22,34,29,19
GEN1607,21,20,37,30,29,98,87,33,45,65,54,70
GEN1608,8,17,10,14,11,24,29,9,12,22,13,13
GEN1609,80,101,67,105,101,130,116,61,104,83,138,78
GEN1610,83,76,35,66,55,91,90,70,45,173,127,62
GEN1611,31,21,31,25,10,52,122,59,72,173,121,37
GEN1612,70,87,51,53,72,162,81,28,67,84,96,63
GEN1613,3,8,9,1,4,14,6,2,7,10,6,5
GEN1614,5,13,8,4,13,23,24,11,23,33,10,14
GEN1615,14,9,14,14,11,39,38,15,15,35,47,35
GEN1616,237,417,242,302,230,789,405,345,147,469,617,264
GEN1617,3,8,2,7,6,9,3,2,7,7,7,3
GEN1618,28,37,66,47,42,87,47,65,41,115,50,48
GEN1619,202,251,258,184,474,305,384,169,336,317,434,308
GEN1620,49,53,55,63,69,147,91,61,68,104,90,45
GEN1621,256,164,199,297,255,577,91,40,42,76,82,48
GEN1622,25,22,34,24,28,55,37,29,23,74,38,20
GEN1623,158,148,114,117,143,277,87,95,106,236,169,107
GEN1624,363,257,280,336,297,203,751,316,391,296,820,322
GEN1625,3531,1289,1877,1570,2098,4912,2406,1762,1630,3263,4819,3234
GEN1626,192,148,208,165,245,421,326,131,305,543,381,227
GEN1627,539,701,847,939,721,1325,1067,575,562,1064,789,815
GEN1628,65,60,68,88,89,84,58,73,96,128,95,75
GEN1629,68,45,34,24,127,232,108,37,72,130,100,97
GEN1630,994,843,967,704,500,2041,1411,1137,544,1289,2360,590
GEN1631,144,168,151,154,58,183,209,108,108,340,318,169
GEN1632,268,473,527,492,497,988,1200,698,967,737,1130,888
GEN1633,201,177,131,143,237,203,213,222,100,543,252,213
GEN1634,1912,2170,1683,1377,2581,5327,3878,2280,3766,3506,1599,2749
GEN1635,3234,2176,4828,3581,2070,5071,4233,2060,2893,7062,3406,3873
GEN1636,18,18,6,28,6,45,30,43,21,47,38,14
GEN1637,1843,1311,1035,1846,958,4549,1748,935,1107,2923,1360,1328
GEN1638,136,97,172,174,145,242,166,93,122,251,169,79
GEN1639,156,126,138,113,118,221,222,127,216,201,207,192
GEN1640,63,74,38,45,82,87,67,67,90,110,123,118
GEN1641,194,238,196,123,125,345,327,173,163,444,413,439
GEN1642,8,7,10,12,12,12,103,38,90,81,88,58
GEN1643,31,15,30,22,19,44,41,24,26,49,35,24
GEN1644,22,12,15,18,15,52,32,17,24,41,66,20
GEN1645,137,176,115,128,97,185,222,77,151,205,158,140
GEN1646,302,260,385,247,367,271,382,214,443,718,421,459
GEN1647,254,196,298,211,207,386,283,208,257,402,345,179
GEN1648,67,187,83,162,115,233,214,131,138,243,234,103
GEN1649,43,24,29,28,42,76,32,34,25,49,63,26
GEN1650,4,8,4,5,7,11,5,2,4,3,3,5
GEN1651,125,79,194,164,110,154,269,101,78,176,241,126
GEN1652,21,64,71,90,64,267,110,61,80,121,125,64
GEN1653,74,138,104,206,115,269,193,98,106,249,171,137
GEN1654,490,554,542,346,603,1038,958,547,421,1138,1097,1358
GEN1655,37,65,37,39,69,100,81,50,46,97,97,70
GEN1656,38,49,61,29,64,96,90,38,53,91,85,45
GEN1657,2,3,1,1,1,3,7,1,0,4,2,2
GEN1658,86,170,294,326,172,339,328,81,246,525,179,267
GEN1659,60,43,88,69,54,92,78,75,92,164,125,71
GEN1660,28,29,6,24,28,29,39,22,19,36,25,39
GEN1661,108,144,111,215,98,286,160,140,83,178,180,158
GEN1662,21,16,15,9,9,20,26,11,18,24,31,24
GEN1663,24,15,22,36,45,37,34,28,27,38,33,42
GEN1664,1925,1713,1308,1972,1678,2360,1887,1238,1091,3153,2148,2186
GEN1665,192,198,190,390,284,435,246,267,203,239,389,229
GEN1666,315,293,352,340,275,353,515,265,283,917,482,433
GEN1667,245,193,208,255,244,276,161,150,270,473,220,365
GEN1668,286,201,194,274,195,263,80,176,159,303,294,175
GEN1669,101,135,78,157,114,285,169,102,93,310,101,90
GEN1670,2983,3002,2664,1986,1673,3665,3768,2755,1918,3517,5193,1835
GEN1671,59,71,50,81,59,92,60,44,51,114,142,84
GEN1672,199,285,260,215,297,613,317,212,224,336,283,394
GEN1673,56,36,34,52,43,91,51,67,44,56,51,63
GEN1674,29,19,32,22,28,77,35,28,44,86,51,34
GEN1675,3,4,0,0,1,3,3,1,1,0,2,1
GEN1676,4,3,3,7,3,4,6,3,7,6,3,2
GEN1677,604,542,397,982,1236,1606,1555,804,1110,1093,890,2184
GEN1678,488,493,357,829,800,1350,1049,918,1066,1328,623,1045
GEN1679,56,21,33,51,30,59,84,32,35,73,67,23
GEN1680,56,80,33,101,73,107,73,57,25,150,101,69
GEN1681,171,115,144,276,171,419,334,281,189,260,294,203
GEN1682,19,21,8,11,7,36,18,12,21,9,18,18
GEN1683,1139,1015,817,557,1479,2658,1850,1211,1086,1446,2379,1604
GEN1684,12,12,12,4,9,30,8,12,18,25,24,15
GEN1685,23,21,19,14,22,42,35,11,36,28,41,33
GEN1686,1,1,0,0,0,0,0,1,2,0,0,0
GEN1687,615,1034,967,807,850,1510,1305,368,845,1544,1461,834
GEN1688,52,133,96,61,46,167,127,83,83,117,88,75
GEN1689,674,777,1452,733,1040,1763,1475,880,804,1018,658,1132
GEN1690,19,12,12,16,7,26,16,19,19,38,18,22
GEN1691,106,92,128,152,104,308,263,62,94,311,252,238
GEN1692,54,37,69,91,97,172,110,81,113,148,91,67
GEN1693,137,118,75,120,148,204,85,103,96,73,163,65
GEN1694,1808,1999,1455,1607,946,3658,2900,900,1015,2136,2504,1468
GEN1695,1297,2698,1558,1830,3401,2974,4658,3780,2963,3576,3383,3531
GEN1696,464,460,645,542,693,952,908,308,346,1618,1285,1078
GEN1697,21,36,22,37,52,113,41,31,55,77,78,44
GEN1698,171,264,242,112,350,624,456,134,372,708,572,263
GEN1699,510,542,416,581,434,1245,478,331,711,1146,768,503
GEN1700,63,157,266,84,124,387,666,355,388,451,644,464
GEN1701,202,130,121,185,113,274,347,169,224,389,179,206
GEN1702,145,109,114,142,182,197,32,32,48,82,62,51
GEN1703,26,8,16,15,18,19,27,16,12,55,22,19
GEN1704,83,95,73,116,114,177,160,122,99,124,159,112
GEN1705,723,474,921,431,1522,1442,1328,731,662,2086,1899,1031
GEN1706,11,14,8,9,5,23,9,9,10,16,19,27
GEN1707,102,82,49,92,100,113,131,90,74,98,137,67
GEN1708,190,164,130,232,418,451,248,256,261,532,708,391
GEN1709,4,10,8,9,8,13,11,9,11,21,15,8
GEN1710,51,48,26,98,54,175,101,29,65,137,58,98
GEN1711,4,5,2,2,3,12,5,5,0,9,2,9
GEN1712,18,17,18,27,23,66,37,11,23,86,54,20
GEN1713,3,5,6,10,9,12,21,5,8,15,15,7
GEN1714,9,11,13,14,17,17,20,11,20,26,31,12
GEN1715,23,42,23,12,28,53,31,13,32,58,52,16
GEN1716,45,44,34,72,32,67,65,46,53,73,35,77
GEN1717,27,30,40,51,35,106,8,2,10,17,19,8
GEN1718,0,1,0,2,2,3,6,2,2,3,4,4
GEN1719,906,590,695,770,786,1085,724,519,742,1577,1214,601
GEN1720,26,41,36,53,64,55,64,66,37,102,80,51
GEN1721,7,10,6,2,11,20,12,12,16,9,23,16
GEN1722,18,25,17,10,18,36,42,14,19,55,32,18
GEN1723,46,152,63,102,147,175,117,57,100,181,205,220
GEN1724,4,13,18,8,5,47,11,6,8,27,22,13
GEN1725,19,47,39,38,42,91,55,29,46,45,38,25
GEN1726,48,31,17,32,29,64,42,27,30,46,45,24
GEN1727,197,120,139,137,97,398,294,157,154,199,257,129
GEN1728,21,30,15,26,17,57,29,22,25,35,32,28
GEN1729,141,100,102,97,133,297,222,108,138,216,265,154
GEN1730,96,64,125,165,139,281,172,87,72,240,290,109
GEN1731,38,20,43,52,57,134,82,36,42,141,75,50
GEN1732,422,591,528,593,381,1101,1222,371,446,1021,470,602
GEN1733,56,69,48,71,56,117,18,13,19,44,39,12
GEN1734,4,9,14,11,13,25,21,12,3,24,16,16
GEN1735,80,87,90,104,70,199,148,93,124,151,240,131
GEN1736,36,40,77,80,54,164,118,52,85,122,202,84
GEN1737,37,60,30,48,71,123,86,52,46,73,70,35
GEN1738,64,97,103,54,71,160,85,82,82,165,259,81
GEN1739,1245,3157,3436,2788,2267,5271,11718,5294,4969,10168,5620,6979
GEN1740,107,128,89,137,41,156,156,71,69,211,106,113
GEN1741,153,93,228,91,133,260,147,107,132,192,109,156
GEN1742,31,30,34,33,35,75,56,65,55,92,88,57
GEN1743,528,244,736,708,706,1266,681,561,641,610,760,617
GEN1744,46,26,86,41,46,42,93,58,61,124,95,94
GEN1745,7,13,27,24,14,54,23,22,29,14,29,33
GEN1746,1,9,4,4,10,10,27,3,6,11,5,11
GEN1747,169,102,160,154,163,403,190,154,108,263,325,179
GEN1748,189,283,167,213,151,317,191,207,151,242,369,348
GEN1749,1,7,3,2,4,12,14,5,7,10,5,3
GEN1750,21,18,11,24,21,37,25,17,24,42,39,23
GEN1751,246,139,164,299,231,332,49,27,49,48,43,69
GEN1752,288,402,274,672,330,855,270,377,307,442,745,252
GEN1753,11,12,12,11,5,23,2,2,2,1,2,1
GEN1754,26,13,33,23,42,104,52,26,33,80,60,54
GEN1755,326,280,121,273,171,473,390,195,131,487,390,306
GEN1756,22,14,34,35,25,43,36,24,17,76,38,34
GEN1757,26,28,53,33,38,62,178,134,92,90,109,125
GEN1758,18,25,30,25,28,72,40,10,22,55,44,45
GEN1759,12,6,5,9,16,11,52,44,43,58,22,59
GEN1760,103,63,67,61,44,154,126,114,69,165,107,86
GEN1761,80,114,48,68,141,260,185,57,97,171,194,192
GEN1762,5,11,10,11,10,7,7,2,8,10,15,5
GEN1763,52,37,70,109,68,171,139,92,74,136,164,154
GEN1764,345,512,184,354,335,913,414,402,462,758,574,769
GEN1765,93,86,49,72,117,119,133,47,65,128,181,102
GEN1766,255,342,253,292,254,844,257,246,256,566,466,412
GEN1767,23,38,24,34,25,28,39,31,32,20,39,32
GEN1768,588,471,281,565,471,664,799,310,565,902,630,511
GEN1769,16,12,9,24,10,55,22,10,10,46,12,22
GEN1770,847,796,1251,679,1735,3959,1686,987,598,3025,1844,1168
GEN1771,34,34,52,19,41,69,45,21,46,42,57,36
GEN1772,37,25,11,19,19,69,42,15,19,43,22,13
GEN1773,16,6,8,13,20,23,19,17,10,32,21,10
GEN1774,22,20,30,33,70,74,60,16,35,100,78,21
GEN1775,29,24,34,46,14,74,64,37,40,67,36,60
GEN1776,29,14,21,37,25,39,37,22,33,46,27,34
GEN1777,26,40,13,23,58,73,60,37,47,60,64,23
GEN1778,248,331,286,192,233,407,284,118,216,404,312,179
GEN1779,200,169,154,248,188,592,607,205,282,516,445,392
GEN1780,52,23,30,44,20,108,60,33,36,57,86,35
GEN1781,657,566,324,653,647,794,564,469,593,737,618,896
GEN1782,10,11,10,10,18,30,26,16,9,21,19,15
GEN1783,15,16,4,4,12,28,10,9,16,36,22,17
GEN1784,11,15,13,11,5,22,15,12,9,8,27,17
GEN1785,245,133,197,160,130,375,197,186,148,289,228,207
GEN1786,4,5,4,3,2,16,10,4,3,12,9,6
GEN1787,6,8,7,2,8,13,9,5,6,8,9,4
GEN1788,591,397,503,419,725,978,637,680,568,906,1158,842
GEN1789,1249,470,1122,1306,1276,3103,635,540,443,1065,827,560
GEN1790,449,663,349,699,481,858,656,273,837,1168,931,623
GEN1791,10,6,8,8,6,10,8,11,11,13,9,8
GEN1792,42,91,52,78,54,96,78,49,49,185,120,109
GEN1793,300,182,119,355,263,659,204,251,233,411,416,180
GEN1794,78,44,62,87,36,84,109,61,93,186,173,92
GEN1795,6,2,1,2,5,5,8,6,8,9,9,6
GEN1796,34,39,15,52,34,69,54,32,43,66,54,34
GEN1797,4,3,5,11,4,11,3,5,9,7,5,10
GEN1798,12,15,5,4,10,14,23,3,8,6,17,10
GEN1799,978,1724,1878,2053,2935,5672,3301,1290,2602,3742,3946,1849
GEN1800,131,195,219,145,154,297,354,132,169,361,362,308
GEN1801,7,6,7,7,7,14,8,4,7,8,8,14
GEN1802,2,3,7,6,8,13,14,1,4,26,8,9
GEN1803,164,80,155,113,187,199,187,222,135,258,171,116
GEN1804,32,14,8,37,32,68,39,37,10,58,29,27
GEN1805,148,156,184,214,171,238,213,97,192,305,204,234
GEN1806,41,26,27,19,16,68,27,23,21,44,37,18
GEN1807,25,30,38,32,64,94,69,37,51,94,69,35
GEN1808,87,98,82,77,101,171,137,38,136,160,203,50
GEN1809,8,18,10,13,19,21,10,11,15,19,20,20
GEN1810,3,1,2,3,5,5,4,1,7,4,4,1
GEN1811,10,7,12,11,10,23,4,13,12,9,18,11
GEN1812,18,6,10,16,22,50,46,20,15,18,51,28
GEN1813,13,54,39,47,58,102,107,69,37,75,65,48
GEN1814,60,70,40,59,80,115,65,71,87,96,103,54
GEN1815,30,47,44,62,64,165,133,71,62,66,96,74
GEN1816,153,107,119,86,205,249,161,99,146,232,378,218
GEN1817,12,16,10,18,24,30,14,12,23,36,30,21
GEN1818,401,566,327,431,916,1323,3166,1624,1854,5835,1849,2576
GEN1819,2694,1009,960,1601,1427,3305,1715,1448,1724,3074,2873,1198
GEN1820,79,129,140,107,83,219,182,101,91,178,192,92
GEN1821,126,117,59,101,91,98,100,104,96,188,114,108
GEN1822,386,600,320,606,364,798,948,416,379,822,887,506
GEN1823,137,149,136,178,181,577,296,186,145,292,399,220
GEN1824,52,47,75,98,72,148,167,92,120,116,118,122
GEN1825,76,53,38,47,49,64,67,44,83,74,30,64
GEN1826,20,29,27,16,16,31,24,20,14,41,17,27
GEN1827,3,4,7,11,7,17,12,2,7,9,4,5
GEN1828,175,141,220,287,205,571,183,131,253,163,259,166
GEN1829,414,322,520,467,330,1365,696,470,522,935,549,565
GEN1830,8,7,4,11,15,25,16,13,8,18,25,11
GEN1831,60,111,35,53,42,47,89,48,57,94,137,67
GEN1832,59,112,60,124,127,124,44,14,33,56,47,25
GEN1833,23,29,11,22,36,60,56,29,20,64,44,38
GEN1834,18,20,16,17,20,43,22,8,18,32,11,17
GEN1835,42,42,55,44,39,97,58,31,29,65,53,56
GEN1836,2,1,4,2,3,8,2,4,1,8,7,3
GEN1837,25,58,73,30,54,118,58,49,63,98,98,67
GEN1838,31,32,22,44,31,51,67,38,23,59,37,39
GEN1839,1138,1985,2323,739,1769,3438,3462,987,1731,4343,2388,2446
GEN1840,258,246,190,381,299,643,471,208,384,575,405,444
GEN1841,39,48,30,44,40,61,41,34,67,50,100,69
GEN1842,59,40,50,55,57,126,85,42,41,96,108,43
GEN1843,1112,885,794,1351,516,2010,795,1539,952,2140,1626,1254
GEN1844,370,463,323,554,782,1521,1096,760,1074,1944,2700,1199
GEN1845,92,76,121,61,77,208,144,70,133,175,95,89
GEN1846,41,80,38,26,78,87,77,49,36,41,95,71
GEN1847,4,6,2,9,8,6,6,6,4,11,14,14
GEN1848,59,34,25,48,44,49,35,26,41,43,45,35
GEN1849,41,40,38,55,23,144,76,38,83,73,108,43
GEN1850,11,21,11,19,35,41,25,10,27,49,21,24
GEN1851,1052,1230,914,1017,675,2004,1339,1426,635,1960,1682,993
GEN1852,2,0,1,6,5,5,1,2,5,3,8,5
GEN1853,43,46,29,44,77,79,95,73,50,69,65,64
GEN1854,129,78,109,101,161,175,196,156,95,234,250,144
GEN1855,68,97,149,133,113,202,102,105,157,194,241,159
GEN1856,682,1024,812,1773,1134,2047,1256,845,1069,2157,2144,681
GEN1857,2,5,2,9,8,21,6,5,8,4,9,6
GEN1858,24,16,13,18,24,46,15,17,27,32,32,22
GEN1859,58,109,87,90,55,108,112,79,56,58,109,52
GEN1860,67,66,55,78,58,117,51,60,94,133,100,78
GEN1861,20,39,20,52,25,73,162,89,40,172,162,116
GEN1862,11,16,9,23,24,45,20,13,34,47,32,20
GEN1863,457,334,372,393,361,488,400,178,297,640,424,321
GEN1864,18,14,7,14,13,30,12,12,15,19,29,14
GEN1865,21,20,28,41,18,52,36,25,28,38,40,37
GEN1866,509,601,706,783,570,2205,867,434,652,1975,1281,728
GEN1867,590,1199,1449,896,978,1726,1986,1259,949,1461,1349,752
GEN1868,84,165,299,476,270,486,282,191,214,343,248,258
GEN1869,18,10,24,25,9,42,40,18,23,22,18,19
GEN1870,12,14,6,16,15,20,33,14,7,18,28,18
GEN1871,19,8,17,9,7,25,28,22,18,17,31,15
GEN1872,5,6,18,8,12,19,8,8,16,18,11,15
GEN1873,30,31,24,31,22,86,38,33,41,69,54,25
GEN1874,240,343,370,237,345,1093,701,192,625,773,649,504
GEN1875,48,112,60,116,166,96,147,85,83,241,109,64
GEN1876,21,21,21,4,19,49,38,16,15,40,26,27
GEN1877,18,7,10,15,24,32,26,12,7,42,27,14
GEN1878,12,8,15,7,11,33,20,8,10,14,17,17
GEN1879,459,333,313,393,379,806,915,394,527,740,871,323
GEN1880,2,1,4,5,2,5,4,3,5,0,6,2
GEN1881,41,80,56,117,109,93,56,36,17,90,29,44
GEN1882,15,11,7,8,6,10,9,6,6,17,9,6
GEN1883,13,5,12,21,8,17,5,3,2,1,1,3
GEN1884,7,10,0,6,6,17,6,4,6,10,3,6
GEN1885,124,181,281,222,120,740,77,43,67,115,80,50
GEN1886,59,69,57,107,56,138,13,15,9,20,17,10
GEN1887,4982,4898,5591,9345,5341,10187,4449,4451,5201,7122,8543,5253
GEN1888,3,14,6,16,12,27,19,13,11,7,18,15
GEN1889,4,12,12,9,9,27,11,12,7,26,26,7
GEN1890,134,100,164,180,116,250,219,115,255,406,233,163
GEN1891,112,203,112,179,149,300,184,62,116,269,158,183
GEN1892,33,32,32,29,32,60,33,31,32,95,61,43
GEN1893,3,2,2,2,6,2,1,3,0,7,1,2
GEN1894,717,469,389,465,376,1492,1435,410,661,943,1070,1017
GEN1895,165,103,140,129,126,274,274,63,170,212,363,188
GEN1896,146,142,144,120,147,243,192,87,93,227,144,110
GEN1897,16,17,11,27,30,39,51,12,32,31,51,18
GEN1898,142,135,195,215,198,294,283,140,143,473,193,225
GEN1899,15,11,9,15,31,40,36,36,24,49,24,20
GEN1900,48,49,44,52,60,129,74,41,45,189,156,135
GEN1901,53,46,34,38,49,69,42,46,50,94,83,33
GEN1902,482,312,518,274,378,509,689,212,530,828,445,929
GEN1903,14,16,30,35,40,44,40,20,29,37,44,21
GEN1904,21,30,34,45,40,69,39,20,49,73,56,30
GEN1905,191,325,347,329,505,924,516,258,567,576,652,550
GEN1906,115,59,60,83,69,152,132,77,96,145,182,106
GEN1907,68,43,63,40,88,76,52,53,42,114,145,76
GEN1908,37,41,24,47,23,72,58,28,61,52,47,45
GEN1909,180,218,280,444,341,609,387,323,177,365,414,262
GEN1910,16,14,8,26,20,45,27,16,20,46,24,28
GEN1911,151,142,120,118,102,276,212,76,134,232,160,204
GEN1912,1087,1228,964,1132,2200,2346,2231,1530,1515,4056,4331,1619
GEN1913,94,98,152,114,111,238,205,148,132,205,165,137
GEN1914,22,8,5,23,15,35,18,12,15,27,20,20
GEN1915,5,14,1,18,4,19,10,4,10,25,24,14
GEN1916,82,67,74,105,51,66,76,82,54,132,68,124
GEN1917,5,10,4,14,13,17,9,10,5,8,9,4
GEN1918,5,7,5,1,2,9,3,2,3,4,5,4
GEN1919,19,28,35,13,27,31,28,15,11,16,20,27
GEN1920,9,9,4,12,18,20,11,12,5,15,15,6
GEN1921,265,201,252,312,231,499,448,261,188,332,498,174
GEN1922,7,8,5,2,9,6,8,11,3,9,8,10
GEN1923,1068,599,614,974,941,1632,1164,581,419,1118,851,1056
GEN1924,16,25,20,23,11,28,23,11,16,27,36,17
GEN1925,38,59,61,57,43,145,84,103,102,148,94,52
GEN1926,102,82,137,148,252,277,217,121,148,375,494,329
GEN1927,60,44,71,82,74,176,110,52,108,128,81,112
GEN1928,152,166,174,64,185,424,430,220,248,471,301,235
GEN1929,13,11,15,32,7,14,23,11,18,28,20,16
GEN1930,3,3,1,1,1,0,0,3,5,1,3,0
GEN1931,34,44,50,60,65,103,51,21,35,88,57,15
GEN1932,5,4,5,11,5,10,7,2,4,13,5,6
GEN1933,29,25,15,27,19,25,36,19,33,26,27,28
GEN1934,265,144,96,428,165,618,790,185,273,609,424,283
GEN1935,36,31,31,52,26,55,135,21,48,40,35,62
GEN1936,17,14,13,22,19,45,27,12,20,33,24,27
GEN1937,8,5,16,7,13,14,20,4,12,16,9,10
GEN1938,16,26,56,35,28,43,72,37,38,52,51,33
GEN1939,37,55,48,43,46,112,67,32,47,33,51,47
GEN1940,4,6,7,3,5,3,5,7,3,10,7,11
GEN1941,85,83,56,149,150,78,197,77,107,186,208,113
GEN1942,5,9,12,7,2,29,11,9,13,18,25,11
GEN1943,89,68,117,109,111,66,105,45,139,222,103,87
GEN1944,28,15,21,34,9,36,68,17,26,24,57,30
GEN1945,161,219,241,408,321,421,261,137,234,541,216,244
GEN1946,374,182,196,128,220,528,373,221,251,498,544,209
GEN1947,40,42,52,81,35,133,112,41,47,95,73,58
GEN1948,54,32,50,39,55,138,54,44,26,49,85,42
GEN1949,117,74,126,127,121,163,191,184,138,127,201,71
GEN1950,441,514,376,419,472,965,1073,429,349,1047,1286,610
GEN1951,530,417,326,282,257,652,601,369,354,689,567,258
GEN1952,67,63,81,92,60,123,122,73,107,76,120,72
GEN1953,94,130,69,95,49,183,89,100,88,224,185,131
GEN1954,542,458,503,666,558,2012,1338,470,576,966,1375,973
GEN1955,5,5,7,8,2,15,9,3,9,16,8,3
GEN1956,133,106,197,142,178,211,157,80,309,184,169,140
GEN1957,27,8,9,10,12,34,14,2,23,41,17,17
GEN1958,462,351,702,499,592,892,992,577,371,949,517,557
GEN1959,15,26,39,21,30,42,44,32,34,70,24,50
GEN1960,47,53,39,41,82,101,77,51,54,103,105,36
GEN1961,14,7,3,6,10,38,14,6,8,16,23,13
GEN1962,34,47,76,76,34,149,275,166,171,327,358,182
GEN1963,130,231,140,172,223,488,174,97,152,286,187,148
GEN1964,566,1182,585,1603,921,1257,1184,865,1238,1875,1311,1242
GEN1965,10,16,1,4,21,11,8,18,13,8,12,16
GEN1966,29,52,32,26,11,41,69,18,30,36,46,45
GEN1967,44901,31692,28725,32407,35183,57105,29359,25615,22858,46557,56178,62004
GEN1968,227,383,227,320,174,420,451,191,325,324,438,334
GEN1969,33,47,57,58,71,143,105,41,68,121,73,77
GEN1970,175,110,193,211,190,198,273,169,85,328,228,72
GEN1971,0,1,0,0,0,2,2,3,1,1,2,2
GEN1972,801,866,744,1120,523,2027,1386,485,1023,1038,1441,994
GEN1973,84,61,86,91,67,228,126,92,90,156,186,104
GEN1974,7,3,5,6,5,10,6,8,4,12,16,17
GEN1975,284,287,673,394,304,709,545,469,318,771,806,395
GEN1976,27,16,15,26,16,44,34,23,25,58,47,28
GEN1977,10,10,10,1,13,17,14,10,19,11,22,9
GEN1978,80,99,149,135,73,280,856,532,409,987,451,644
GEN1979,136,79,124,65,66,184,277,179,80,159,243,177
GEN1980,24,19,49,20,50,40,66,35,27,36,97,47
GEN1981,61,53,33,38,93,156,121,45,100,151,76,72
GEN1982,4,7,16,11,5,22,11,5,5,11,10,12
GEN1983,4,10,4,11,8,16,9,4,6,11,10,3
GEN1984,343,272,208,291,296,512,285,171,336,406,412,315
GEN1985,415,409,613,577,486,1133,968,350,937,601,714,497
GEN1986,65,172,144,179,141,281,108,100,121,231,175,140
GEN1987,106,102,103,125,144,217,131,97,85,224,217,153
GEN1988,47,25,33,16,44,79,45,21,32,60,86,55
GEN1989,31,50,27,58,68,92,49,67,53,137,108,97
GEN1990,20,21,13,15,10,33,24,16,16,37,28,26
GEN1991,789,891,973,1070,1170,3802,1597,720,1261,1925,1864,1016
GEN1992,28,24,24,44,42,49,45,17,18,53,37,21
GEN1993,93,133,191,84,145,189,329,129,106,211,141,127
GEN1994,56,84,85,45,73,213,68,54,42,85,167,75
GEN1995,10,5,6,0,6,6,2,0,0,3,4,2
GEN1996,1036,1208,1154,1697,672,2192,1889,780,1260,2563,2569,2795
GEN1997,43,50,39,43,23,66,61,28,23,40,54,48
GEN1998,20,27,11,24,18,31,19,13,21,53,32,18
GEN1999,45,75,35,95,133,129,89,72,40,150,115,54
GEN2000,17,23,12,13,23,39,21,5,15,21,25,20
